cgpa,iq_score,tenth_percentage,twelfth_percentage,graduation_percentage,internships,projects,technical_skills_score,communication_score,backlogs,certifications,work_experience_months,branch,placement_status,package_lpa
7.64,103,82.99,85.51,71.55,2,0,4.82,7.79,0,0,0,ECE,Not Placed,
6.24,87,77.74,75.62,75.83,1,6,6.17,6.24,0,1,0,CSE,Placed,5.88
6.61,112,72.4,67.4,61.51,1,1,8.54,9.85,0,0,0,IT,Not Placed,
5.86,95,75.02,81.45,70.33,0,4,5.03,6.63,0,2,0,ECE,Placed,4.22
8.2,102,91.6,73.04,69.24,1,4,4.12,7.74,1,0,3,CSE,Placed,7.33
6.95,90,83.55,79.29,70.37,1,4,8.04,6.47,1,0,0,CSE,Not Placed,
6.91,88,72.81,57.13,68.26,0,2,5.69,6.75,1,1,0,ECE,Placed,7.03
5.98,83,64.98,70.97,68.6,0,4,6.28,1.98,0,3,0,CE,Placed,2.65
6.28,82,67.89,62.89,72.6,0,1,8.73,7.57,1,0,0,CSE,Not Placed,
8.07,98,89.5,90.4,82.31,0,3,5.25,6.23,1,4,0,ECE,Not Placed,
6.78,90,63.19,72.3,75.41,2,4,8.16,6.56,1,1,0,CSE,Not Placed,
8.29,102,79.03,60.85,72.1,1,3,7.96,6.54,1,1,0,EE,Placed,9.19
6.17,99,75.33,67.07,58.73,0,2,5.14,8.86,2,0,0,CSE,Not Placed,
6.8,111,77.43,58.61,78.41,0,3,6.83,5.31,2,1,1,EE,Not Placed,
6.36,136,74.94,81.57,60.48,1,6,5.18,7.22,1,1,0,ME,Not Placed,
8.31,89,92.73,86.26,82.27,1,1,10.0,7.67,0,3,0,CSE,Placed,10.48
6.89,95,69.99,81.83,69.08,1,3,7.06,5.36,0,0,0,ME,Not Placed,
7.66,88,83.7,72.89,70.24,1,3,8.12,7.68,0,0,0,IT,Placed,9.26
6.98,86,75.95,75.45,71.79,0,1,9.31,4.89,0,2,0,CSE,Placed,8.22
7.13,103,85.77,75.98,63.53,1,0,6.88,5.19,1,0,0,IT,Not Placed,
6.2,105,75.8,84.19,72.24,1,4,7.98,7.01,0,1,0,CE,Not Placed,
5.91,121,81.65,73.52,74.77,1,2,5.92,0.12,0,2,0,EE,Not Placed,
5.4,86,66.03,65.6,92.89,0,5,5.07,5.86,0,2,10,CE,Not Placed,
7.15,80,84.91,74.35,68.5,2,1,3.58,8.33,1,1,0,IT,Not Placed,
6.25,137,92.63,71.24,78.63,2,1,5.66,,0,4,0,ECE,Placed,4.67
6.41,90,87.01,66.06,73.94,0,0,10.0,7.88,0,0,0,CSE,Placed,8.66
6.46,112,81.04,80.82,69.21,1,7,5.07,5.74,1,1,0,CSE,Not Placed,
7.56,106,74.73,76.47,73.13,0,5,5.87,7.88,2,0,0,EE,Not Placed,
4.71,91,87.43,79.77,73.58,4,0,6.45,6.25,0,0,0,CE,Not Placed,
7.71,117,76.07,93.03,57.64,2,4,3.81,6.1,2,0,10,CSE,Not Placed,
6.5,78,66.76,60.72,74.77,0,5,3.0,3.4,0,0,4,CE,Not Placed,
7.69,91,100.0,68.23,60.55,0,7,6.94,8.85,0,1,7,IT,Placed,5.98
5.86,92,83.56,73.19,61.93,0,3,1.56,7.97,0,1,0,CSE,Not Placed,
6.23,119,60.13,90.35,73.95,0,1,5.47,9.73,0,1,0,CSE,Not Placed,
7.2,109,67.88,100.0,61.88,2,3,2.37,6.17,0,1,0,EE,Placed,8.04
6.3,109,62.58,73.14,76.09,2,0,3.23,4.89,0,0,0,ECE,Not Placed,
6.21,116,81.73,74.26,70.18,1,2,6.88,8.03,0,0,0,ECE,Placed,3.52
5.07,93,87.8,65.8,72.49,2,3,6.34,5.54,0,1,0,ME,Not Placed,
6.52,99,89.93,61.45,71.66,0,5,4.17,8.6,0,0,0,IT,Not Placed,
8.19,82,92.9,81.7,53.08,0,3,6.08,6.91,0,1,0,EE,Placed,7.92
8.07,84,84.62,92.72,80.39,0,2,3.92,3.96,0,3,0,CE,Not Placed,
7.3,99,66.91,73.72,72.85,0,2,6.73,7.39,3,0,0,IT,Not Placed,
7.54,112,77.55,71.43,62.84,1,2,2.97,5.74,0,1,0,CSE,Not Placed,
8.15,103,66.78,86.68,67.77,1,3,3.79,5.75,1,0,11,CE,Placed,5.96
6.7,99,83.16,61.59,73.18,0,1,5.47,7.13,0,0,0,ECE,Not Placed,
6.31,115,74.94,78.81,63.6,3,2,7.03,6.53,0,2,0,ECE,Placed,7.91
7.38,99,85.18,69.35,65.01,0,3,7.88,6.49,0,0,0,ME,Not Placed,
10.0,130,92.48,56.48,55.93,3,3,8.14,4.39,1,2,0,CSE,Placed,11.89
7.71,80,86.48,61.08,76.4,0,1,7.25,4.62,0,0,0,ECE,Not Placed,
7.29,111,78.08,84.48,72.08,0,4,5.91,5.59,0,0,0,CSE,Not Placed,
7.32,76,73.44,60.8,78.11,0,2,2.1,7.04,1,2,0,CSE,Not Placed,
6.25,99,75.05,81.34,65.7,1,1,7.48,4.79,1,0,0,CSE,Not Placed,
8.16,100,74.71,69.62,70.7,0,1,5.61,8.96,0,0,12,IT,Not Placed,
6.27,100,83.83,66.52,60.25,0,4,5.4,6.34,0,0,0,IT,Placed,4.45
8.73,96,63.83,75.09,73.85,2,3,7.63,5.67,1,0,0,CSE,Placed,8.91
6.47,104,60.78,57.93,59.32,0,2,7.12,4.44,0,2,0,CSE,Not Placed,
7.17,70,82.29,54.71,69.69,1,2,5.82,7.62,2,1,0,IT,Placed,8.22
5.37,85,80.05,82.49,66.68,1,1,6.5,4.95,0,1,0,IT,Not Placed,
7.01,117,72.56,100.0,78.74,1,1,9.11,3.59,1,1,0,ECE,Not Placed,
6.05,127,65.96,74.59,68.76,1,1,4.85,8.0,0,2,0,ME,Not Placed,
6.69,116,79.64,76.69,72.17,0,6,3.91,5.97,2,3,0,ECE,Not Placed,
8.63,103,89.29,66.2,78.94,2,4,6.58,5.32,0,2,0,CSE,Placed,9.53
6.89,85,69.42,74.97,86.78,3,4,8.92,8.07,1,3,0,CSE,Placed,5.32
7.6,107,74.29,81.36,74.04,0,3,3.35,7.49,0,2,0,CE,Not Placed,
5.73,131,73.53,64.19,81.19,1,1,8.46,4.68,0,0,0,ECE,Not Placed,
7.51,115,69.32,89.82,62.91,3,3,7.63,8.76,0,2,0,IT,Placed,8.33
6.93,96,76.39,86.25,78.71,0,3,6.16,6.09,0,0,0,IT,Placed,5.51
5.63,102,70.41,83.95,82.61,3,5,6.64,2.85,1,2,1,ME,Not Placed,
5.84,106,77.0,62.54,76.11,0,1,7.39,6.89,0,2,0,CSE,Not Placed,
6.18,116,66.63,62.67,75.42,0,3,8.57,,0,1,2,CSE,Placed,6.22
7.28,77,90.71,76.98,75.66,2,3,3.35,5.92,0,2,0,CSE,Placed,5.36
6.07,86,80.65,80.98,77.08,0,4,5.35,8.02,0,0,0,IT,Placed,4.11
5.05,121,90.66,57.93,95.39,0,1,7.94,6.71,0,0,0,CSE,Not Placed,
7.91,116,95.61,82.34,65.42,0,4,9.36,6.44,0,1,0,CE,Placed,6.67
7.47,110,88.1,67.27,84.0,2,4,5.35,6.11,1,3,7,ME,Not Placed,
6.96,96,92.58,74.13,73.77,3,3,8.53,4.36,1,1,0,EE,Placed,8.16
7.86,107,76.28,63.71,65.54,1,2,4.56,4.12,0,1,0,ME,Placed,6.28
7.69,86,73.99,71.75,72.86,1,2,4.12,7.02,0,2,13,IT,Placed,6.42
7.69,85,55.56,100.0,86.36,1,2,5.13,6.77,0,0,0,CE,Placed,6.29
6.28,108,57.68,74.37,83.04,0,4,6.06,5.61,0,0,0,CSE,Placed,5.37
5.14,105,81.25,73.41,66.4,2,3,8.1,5.47,2,1,0,EE,Not Placed,
7.33,80,82.2,73.11,61.46,1,0,8.09,,1,2,0,IT,Placed,6.47
6.83,70,74.69,79.86,74.7,2,5,4.25,5.56,1,2,0,EE,Placed,6.35
6.86,95,75.97,70.86,78.84,2,0,8.11,4.98,0,0,0,ECE,Not Placed,
9.21,102,84.61,67.28,66.22,0,3,5.11,6.0,0,1,0,CSE,Placed,6.56
8.59,104,71.93,73.07,74.4,4,3,5.84,6.85,1,2,0,CSE,Placed,9.96
7.27,88,94.44,72.64,88.1,1,3,4.91,7.01,0,1,1,IT,Placed,6.45
7.7,99,79.65,66.83,74.46,3,3,1.66,5.16,2,1,18,CSE,Not Placed,
8.25,101,63.18,63.68,80.81,2,3,4.26,7.15,0,1,0,ME,Placed,5.67
6.15,104,75.73,75.36,68.37,1,0,7.32,4.35,0,2,4,CSE,Placed,7.38
7.28,106,78.3,70.26,88.1,2,2,5.12,5.78,2,2,0,EE,Placed,7.65
8.43,124,66.44,65.85,75.78,1,4,5.62,6.42,0,0,0,IT,Placed,8.2
8.1,94,91.97,62.29,73.98,1,4,3.46,6.1,0,0,16,CSE,Placed,6.34
5.47,112,81.99,75.63,70.37,0,4,5.26,6.3,0,0,10,CE,Placed,3.5
8.38,102,64.16,75.24,75.33,0,6,4.94,6.35,1,0,0,CSE,Placed,6.33
7.68,96,88.23,76.2,70.05,2,4,3.52,8.84,0,1,0,ECE,Placed,5.34
6.23,72,75.52,76.55,73.49,1,1,4.65,10.0,0,1,0,CSE,Placed,5.59
7.33,72,76.99,85.1,75.8,2,5,4.17,8.41,2,1,0,IT,Placed,4.93
6.22,100,90.9,72.54,81.99,2,3,6.02,7.24,0,3,0,CSE,Placed,4.08
6.14,111,77.32,65.47,79.45,4,5,4.47,5.82,0,2,0,ME,Placed,6.02
6.57,87,76.07,84.97,69.09,2,1,9.06,6.29,0,0,0,CSE,Placed,7.86
5.55,92,80.62,59.61,65.93,1,4,7.07,8.8,0,1,0,ECE,Placed,5.03
6.36,99,66.31,85.94,76.01,1,2,6.35,6.83,1,0,10,ECE,Not Placed,
6.02,120,66.18,77.05,70.74,2,3,3.15,8.25,0,0,0,EE,Not Placed,
7.27,103,77.45,74.88,66.77,1,2,4.94,5.97,0,1,0,CSE,Placed,9.38
6.74,100,93.93,65.0,71.49,3,0,5.92,3.62,0,1,0,ME,Placed,8.14
7.7,111,74.12,44.17,66.14,0,3,6.03,3.88,0,0,0,ECE,Not Placed,
7.53,95,89.27,89.07,84.17,0,4,6.82,6.43,0,1,0,ME,Placed,6.23
7.19,74,80.44,77.34,74.09,1,3,8.15,5.02,0,0,0,EE,Not Placed,
8.08,133,83.57,64.49,58.2,2,3,5.39,10.0,2,0,21,ME,Placed,5.18
6.61,107,58.88,79.6,79.98,4,4,6.01,10.0,0,2,0,CSE,Placed,6.57
7.67,89,68.94,74.21,69.24,1,7,3.14,5.93,0,0,0,ME,Not Placed,
6.11,94,87.53,85.83,60.81,0,3,5.94,3.31,1,0,0,IT,Not Placed,
7.55,96,85.35,74.68,76.73,2,1,3.3,8.04,0,2,0,CSE,Not Placed,
8.03,99,58.27,81.93,73.29,4,2,9.34,3.75,0,1,0,IT,Placed,10.31
4.92,81,65.88,83.26,62.81,0,3,4.79,5.55,0,1,0,CSE,Not Placed,
6.73,99,82.39,85.42,71.18,2,2,9.08,5.42,0,2,0,CSE,Not Placed,
7.67,104,76.94,65.72,77.44,1,2,1.99,1.61,0,0,0,EE,Placed,4.41
7.83,105,74.54,73.22,81.31,0,3,4.63,6.87,1,2,0,IT,Not Placed,
8.45,94,77.09,62.22,77.48,0,2,1.28,,0,1,0,ECE,Placed,4.18
5.12,84,66.66,77.57,69.31,0,4,7.67,4.59,2,2,0,CSE,Not Placed,
8.44,117,83.27,65.79,78.18,0,0,6.06,8.06,0,1,0,ME,Placed,6.56
7.48,90,66.4,74.37,67.61,0,2,2.78,4.67,0,0,0,CE,Not Placed,
5.69,98,75.48,59.51,77.52,3,1,4.76,8.05,0,0,0,ECE,Placed,7.43
6.91,72,77.68,72.89,72.6,2,3,8.75,7.73,0,0,0,IT,Placed,7.38
7.14,80,81.76,69.96,74.04,0,1,1.56,6.48,2,2,7,CSE,Not Placed,
7.34,119,80.25,76.03,69.52,1,3,5.39,5.99,0,3,24,EE,Placed,6.05
6.76,83,96.48,79.26,84.53,0,5,4.14,4.31,2,0,0,ME,Not Placed,
7.33,111,66.91,84.32,90.65,1,0,2.74,4.48,1,0,1,IT,Not Placed,
7.24,94,77.4,73.14,71.54,2,1,5.4,7.19,1,3,0,ECE,Not Placed,
6.52,118,81.15,48.58,57.66,1,4,8.53,7.42,1,1,0,CSE,Placed,7.04
4.96,114,71.69,69.39,78.58,1,3,6.66,6.86,0,2,0,CSE,Not Placed,
6.38,102,66.72,71.52,87.44,3,2,8.74,5.8,1,2,0,IT,Placed,6.7
5.78,98,73.44,56.37,89.93,3,5,8.01,7.53,1,0,2,ECE,Placed,4.93
6.2,90,84.85,80.45,89.44,3,3,8.06,5.23,1,1,0,CSE,Placed,6.85
6.21,75,65.13,69.69,73.0,0,2,5.91,7.83,0,1,1,ECE,Placed,4.0
7.43,90,83.48,61.32,62.86,1,3,5.37,8.83,0,1,0,ECE,Not Placed,
5.61,105,76.07,70.45,71.13,1,3,5.45,5.44,0,2,0,ME,Not Placed,
8.42,91,100.0,79.37,69.0,2,2,3.6,2.09,0,1,0,CSE,Placed,6.57
7.29,111,80.07,76.0,81.0,1,2,3.91,7.7,0,1,0,CSE,Placed,6.27
4.81,107,66.7,90.18,66.46,2,2,4.64,9.9,0,0,0,IT,Not Placed,
6.06,116,88.49,85.4,84.69,4,2,6.47,6.25,0,1,0,ECE,Not Placed,
8.67,93,73.26,71.43,62.89,3,8,6.83,5.72,0,1,0,IT,Placed,7.47
6.89,109,71.79,84.56,86.83,0,2,7.5,5.68,1,1,0,ECE,Not Placed,
7.23,80,67.21,61.65,77.1,1,2,8.37,5.01,1,1,0,CSE,Not Placed,
6.69,83,62.03,95.4,62.96,1,1,5.34,6.06,0,2,0,ECE,Not Placed,
7.7,134,75.92,72.15,67.49,1,0,4.05,6.01,0,1,0,CSE,Not Placed,
7.86,96,71.63,77.3,58.18,1,3,8.83,5.12,0,2,0,ME,Placed,9.87
4.0,112,79.11,68.68,73.69,0,2,8.11,5.37,1,3,0,IT,Placed,5.74
7.6,118,84.22,88.89,79.45,0,2,3.86,5.94,2,0,0,ECE,Not Placed,
7.73,106,82.78,77.14,71.6,0,1,6.93,9.4,0,1,0,ECE,Placed,7.64
6.54,109,82.22,78.23,59.85,0,2,4.11,6.23,0,1,0,CSE,Not Placed,
8.74,93,55.58,62.07,86.73,3,3,4.18,7.17,1,0,0,EE,Placed,5.98
5.59,112,95.11,98.58,63.58,0,4,5.86,6.73,0,1,0,IT,Not Placed,
8.04,121,75.69,,84.39,0,3,9.2,7.46,1,1,0,CSE,Placed,6.75
6.58,101,64.74,61.99,65.4,0,2,7.74,6.2,1,0,0,ECE,Not Placed,
7.35,95,77.86,78.0,68.79,3,5,4.42,7.37,1,1,0,ECE,Not Placed,
8.73,98,78.93,55.3,89.44,3,1,4.45,6.63,0,0,17,CSE,Placed,8.43
7.01,87,84.75,92.69,68.02,5,3,6.26,7.13,1,2,0,ECE,Placed,7.74
8.75,105,69.5,90.55,73.9,4,1,5.14,5.29,0,3,2,ECE,Placed,7.78
6.61,129,86.74,64.22,75.76,0,5,9.42,6.86,0,0,0,ECE,Placed,7.19
8.12,109,74.45,75.9,64.03,1,1,3.56,4.19,0,0,0,EE,Placed,4.56
7.1,94,76.38,68.26,76.38,1,1,5.68,5.72,3,1,0,ECE,Not Placed,
6.78,109,65.85,87.52,73.35,1,6,7.7,5.67,1,1,0,CSE,Not Placed,
8.63,119,76.92,73.03,76.14,0,1,5.54,6.81,1,1,0,ECE,Placed,8.04
6.57,106,62.5,72.67,70.99,2,2,3.41,7.95,1,0,0,ME,Not Placed,
4.54,98,83.14,71.52,80.1,2,0,5.41,6.02,0,2,0,ECE,Not Placed,
7.8,104,100.0,91.77,65.41,1,3,5.15,5.97,0,1,0,CSE,Placed,6.35
5.46,97,88.28,78.52,80.21,2,1,7.03,4.91,1,3,0,ME,Placed,4.89
6.43,117,81.51,70.17,71.53,2,3,8.19,6.31,1,2,0,CSE,Placed,8.19
7.53,102,96.12,,61.86,1,2,6.57,3.68,0,0,0,IT,Not Placed,
9.86,100,75.52,82.78,67.93,1,1,4.58,3.93,0,4,0,ECE,Placed,9.93
5.29,109,64.78,69.02,71.54,0,2,9.9,5.9,0,4,0,CSE,Not Placed,
7.53,132,71.18,75.54,68.11,5,1,4.98,2.78,0,0,0,IT,Placed,6.33
7.14,90,78.76,86.25,70.38,0,5,7.99,7.73,0,3,0,ECE,Placed,8.5
7.8,99,76.23,85.74,46.2,1,3,4.58,5.11,0,2,0,CE,Placed,3.69
7.44,104,79.77,86.27,71.39,1,0,4.44,6.61,0,0,0,IT,Placed,5.72
7.61,77,67.35,77.75,78.36,0,3,4.18,4.49,2,3,0,CE,Not Placed,
5.16,106,66.2,64.17,70.98,2,3,7.79,4.62,0,3,0,CSE,Placed,9.08
6.91,113,56.14,68.29,58.08,1,5,4.86,,1,1,0,IT,Placed,6.39
6.8,100,84.36,76.8,55.0,2,2,5.95,6.87,0,0,0,ECE,Not Placed,
6.61,99,90.0,74.03,47.86,0,4,4.91,7.18,0,1,0,CSE,Not Placed,
6.14,114,80.53,77.65,82.14,1,2,8.28,9.03,0,1,0,ECE,Not Placed,
8.93,104,85.43,57.79,73.4,1,4,6.93,5.66,0,0,0,ECE,Placed,7.45
5.54,99,90.13,68.39,66.97,2,3,3.36,3.97,0,2,0,EE,Not Placed,
7.84,109,75.86,87.31,71.71,0,4,5.11,5.82,1,1,0,CSE,Not Placed,
6.72,109,88.16,70.87,71.93,2,1,8.62,6.6,1,2,0,CSE,Placed,7.76
6.4,84,70.55,80.56,69.09,3,2,3.0,2.95,0,0,0,CE,Not Placed,
8.28,105,79.16,72.4,71.77,1,7,9.29,4.07,0,0,0,IT,Placed,8.67
6.02,104,82.84,77.26,76.76,1,3,7.14,7.76,0,1,0,CE,Placed,4.49
9.03,121,86.19,91.17,71.59,3,1,7.66,7.72,1,1,0,ME,Placed,8.42
7.17,104,92.86,77.0,78.33,3,1,3.76,3.9,0,1,0,EE,Placed,4.37
9.74,92,84.85,83.41,61.76,1,4,7.27,5.14,1,1,0,EE,Placed,7.77
6.58,102,67.65,61.83,72.51,3,0,7.33,8.33,0,2,0,CSE,Placed,6.96
8.6,116,71.12,66.99,77.45,2,4,5.34,8.99,1,1,1,ME,Placed,7.09
6.49,107,85.19,90.13,67.56,1,2,8.62,7.79,0,0,0,ME,Not Placed,
6.73,94,80.19,65.75,65.01,0,0,7.38,3.02,0,1,0,ECE,Not Placed,
7.08,70,72.6,81.88,73.39,2,1,3.81,8.94,0,0,0,ECE,Not Placed,
7.88,93,78.43,70.85,75.56,3,6,8.59,8.91,1,0,0,CSE,Placed,8.2
6.89,112,78.85,79.46,78.64,1,1,6.45,6.01,1,3,0,ME,Not Placed,
5.38,92,85.36,64.79,70.84,1,0,3.33,10.0,0,1,0,EE,Not Placed,
5.02,128,63.55,84.97,71.14,1,1,5.85,4.19,0,3,0,ME,Not Placed,
5.65,104,72.29,83.71,58.67,1,5,10.0,4.36,1,2,0,CSE,Placed,7.95
6.82,108,84.36,71.73,65.21,1,3,7.51,4.36,2,3,0,IT,Not Placed,
8.22,105,83.6,73.7,74.95,1,2,3.47,6.8,2,0,0,CSE,Not Placed,
7.85,107,93.3,69.47,79.18,1,1,3.76,9.93,0,0,0,CSE,Not Placed,
5.49,127,85.53,71.74,88.29,1,4,2.66,4.74,1,0,0,ME,Not Placed,
7.29,95,63.24,72.65,80.76,2,1,6.93,6.56,0,0,0,CSE,Placed,7.46
4.59,109,98.09,73.83,64.28,0,2,3.22,5.81,0,0,0,IT,Not Placed,
6.39,100,69.8,67.96,65.46,0,5,7.93,6.79,0,3,0,CSE,Placed,7.42
9.62,84,76.63,79.25,80.2,0,3,5.11,5.48,0,3,0,EE,Placed,8.9
7.48,82,78.31,76.09,76.67,1,2,8.6,7.27,0,0,0,ECE,Placed,7.34
6.01,81,66.97,60.95,66.7,0,3,6.22,5.48,2,0,0,EE,Not Placed,
7.55,91,86.59,87.54,73.48,0,2,7.25,5.15,0,0,0,CSE,Not Placed,
5.56,98,79.46,86.58,73.97,1,1,6.45,6.28,0,1,0,IT,Not Placed,
6.44,86,47.98,51.79,83.04,1,2,5.6,8.11,1,0,0,IT,Not Placed,
7.92,104,75.14,64.7,69.8,0,5,5.19,4.74,1,0,0,EE,Placed,5.48
6.87,109,51.93,71.35,82.59,1,4,2.28,4.42,0,1,0,ME,Placed,4.94
8.59,84,84.72,70.67,67.05,1,3,7.18,2.48,1,0,0,IT,Placed,9.75
8.2,112,73.87,83.13,84.74,2,6,5.77,7.46,0,2,0,CSE,Placed,7.65
6.59,132,86.74,81.69,74.26,1,3,2.56,7.3,0,0,0,ECE,Not Placed,
7.63,103,78.41,87.07,59.96,1,5,6.85,5.58,0,1,0,CSE,Placed,4.69
7.52,113,70.27,86.72,72.01,3,4,7.14,3.91,0,1,0,ME,Placed,7.86
6.81,116,72.4,80.3,70.21,1,3,3.61,5.57,2,0,0,CSE,Not Placed,
7.04,84,88.87,85.37,59.14,2,3,5.59,2.5,1,0,0,CE,Placed,6.44
7.48,107,79.08,73.2,60.24,0,2,3.98,2.75,1,2,0,IT,Not Placed,
4.34,113,64.68,66.52,70.61,0,2,9.81,7.71,0,0,0,CSE,Placed,3.51
4.96,112,78.96,79.27,76.81,0,5,4.01,6.15,0,0,0,ECE,Not Placed,
6.16,86,73.75,71.44,65.37,2,2,7.27,4.79,1,1,0,EE,Not Placed,
6.95,96,91.28,70.7,70.89,0,2,9.96,6.34,1,1,0,CSE,Placed,5.46
8.06,90,63.91,79.64,63.92,1,1,5.35,2.97,1,0,0,CSE,Not Placed,
7.49,103,84.84,74.28,83.16,2,1,7.08,6.89,1,1,0,ECE,Placed,5.78
8.33,70,80.25,83.42,74.4,1,2,6.92,7.2,1,0,0,ECE,Not Placed,
8.0,101,76.6,75.45,70.08,3,2,5.2,7.15,1,0,0,EE,Not Placed,
8.25,93,82.89,91.99,67.12,1,3,7.8,3.2,2,2,0,ECE,Placed,7.02
5.59,94,71.89,70.93,70.69,2,3,6.56,10.0,1,2,0,CSE,Placed,7.97
7.54,89,82.89,75.28,57.82,0,6,5.69,4.53,0,0,0,CSE,Placed,4.54
6.81,104,73.26,91.19,62.88,2,1,6.98,5.13,0,0,0,IT,Placed,6.43
5.89,85,89.59,77.31,87.14,2,1,3.16,4.78,0,0,0,ME,Not Placed,
6.36,109,70.61,76.46,83.43,1,4,7.91,3.31,0,0,6,IT,Not Placed,
5.44,111,97.69,74.79,64.73,0,1,4.16,8.62,0,1,0,IT,Not Placed,
8.22,99,70.15,69.69,80.19,0,5,5.49,8.2,0,1,6,ME,Placed,7.95
8.12,108,70.19,56.79,86.38,4,1,6.83,3.7,0,2,0,IT,Placed,9.46
6.79,113,73.64,60.35,64.78,2,4,5.3,6.95,0,2,0,CSE,Placed,5.93
7.12,115,86.68,69.35,59.89,1,4,9.15,7.65,0,1,1,CSE,Placed,9.71
6.9,98,75.07,54.01,72.68,3,2,8.72,9.67,1,1,0,IT,Placed,6.95
7.36,102,72.4,80.75,74.94,1,3,8.46,1.45,0,1,0,CSE,Placed,6.92
7.5,93,69.88,67.62,69.05,2,4,6.98,5.27,1,2,0,CE,Placed,5.71
6.44,82,92.4,89.28,75.9,1,0,3.71,6.59,0,0,0,ECE,Not Placed,
5.79,87,69.47,72.67,68.6,2,0,6.31,5.54,0,2,0,IT,Not Placed,
6.65,109,75.39,88.19,76.1,1,2,5.61,4.32,0,1,0,CSE,Not Placed,
7.19,102,63.01,62.88,73.69,4,2,4.02,5.04,2,1,0,IT,Not Placed,
9.83,89,77.27,72.56,67.77,1,5,3.81,1.96,0,3,0,CSE,Placed,9.63
7.47,129,92.19,77.15,84.18,1,1,6.85,5.96,0,1,0,CSE,Placed,8.69
6.9,85,88.36,68.52,73.06,4,3,6.97,3.84,0,1,0,EE,Placed,7.65
7.25,88,73.86,76.92,68.84,4,2,6.2,2.73,0,3,0,ME,Placed,7.96
7.22,105,68.58,68.18,63.27,0,7,5.66,10.0,0,1,0,IT,Placed,6.96
6.82,89,77.7,76.93,84.39,5,2,7.27,4.15,1,1,0,CSE,Placed,7.16
6.9,97,83.69,71.32,78.18,1,2,6.5,7.38,1,1,0,ME,Placed,6.09
7.43,77,79.4,,77.09,1,2,9.07,8.72,1,0,0,ME,Not Placed,
9.7,73,72.43,92.16,70.18,1,1,2.87,8.15,3,1,0,IT,Not Placed,
4.42,92,81.09,84.66,58.43,2,1,6.53,3.92,1,1,0,CSE,Not Placed,
6.79,95,75.47,56.26,83.41,1,1,6.18,6.06,1,2,7,CE,Placed,6.16
7.11,142,83.25,56.19,69.35,3,3,9.7,1.63,1,1,0,ME,Placed,6.53
6.95,124,84.51,94.74,59.95,1,2,5.91,7.31,1,2,0,CSE,Not Placed,
8.52,99,73.77,63.55,72.69,2,2,7.31,8.33,0,0,0,ECE,Placed,8.96
5.91,145,81.55,84.64,72.96,1,3,5.86,3.4,0,1,0,ME,Not Placed,
4.43,70,78.73,79.14,66.37,1,0,6.89,6.54,1,1,0,IT,Not Placed,
6.98,78,92.64,83.32,73.76,1,1,5.74,6.87,0,1,0,CSE,Placed,3.0
7.49,73,93.47,80.13,72.38,0,4,5.85,6.2,0,1,0,ME,Not Placed,
5.01,94,90.63,82.63,77.64,1,1,6.37,6.93,1,0,0,CSE,Not Placed,
8.0,100,72.84,66.66,81.17,0,7,6.83,7.01,3,1,0,ECE,Not Placed,
4.06,83,64.21,71.12,76.42,2,1,7.35,6.23,1,2,4,CSE,Not Placed,
8.21,70,73.48,60.31,61.5,0,3,7.72,6.31,0,1,0,CSE,Placed,7.07
5.22,117,97.7,76.83,68.42,1,1,7.58,8.12,0,0,0,CE,Not Placed,
8.64,108,68.18,98.04,65.05,1,5,2.91,3.63,0,1,7,EE,Placed,5.73
6.55,125,79.47,87.77,75.23,0,0,6.72,8.59,0,1,0,ECE,Not Placed,
7.18,103,78.34,86.91,62.27,2,1,3.6,9.94,0,0,0,CSE,Placed,7.54
5.04,118,71.67,62.8,74.65,1,3,6.37,4.39,1,0,0,ME,Not Placed,
5.24,93,90.34,70.3,76.29,0,2,8.95,5.8,0,0,0,CSE,Placed,7.32
7.43,87,66.92,80.34,63.68,2,3,6.64,6.07,0,1,0,ECE,Placed,8.01
6.04,108,92.44,85.21,67.35,1,0,2.96,9.01,1,1,0,IT,Not Placed,
9.45,98,68.88,76.34,69.98,0,1,6.29,5.73,2,0,0,CE,Not Placed,
8.65,96,77.35,88.32,58.81,2,5,8.48,5.07,0,1,0,IT,Placed,9.19
4.72,79,85.56,92.4,93.48,1,1,6.34,7.68,1,1,0,CSE,Not Placed,
4.93,128,78.65,83.31,72.58,1,3,6.26,9.42,0,1,8,ECE,Placed,4.8
6.48,100,67.3,69.36,67.0,0,3,5.04,8.34,1,2,0,CSE,Not Placed,
8.36,77,82.03,72.44,85.95,5,3,6.71,3.47,0,0,0,CSE,Placed,9.15
7.6,112,64.56,82.31,73.43,1,3,5.67,,0,0,0,ME,Placed,4.55
8.1,72,85.43,68.74,71.24,0,1,7.9,6.45,1,1,0,CSE,Placed,8.44
7.03,87,76.98,87.76,67.56,1,5,8.94,7.55,2,0,0,IT,Placed,6.9
6.81,112,64.51,71.46,53.35,1,1,5.65,4.89,1,4,1,ECE,Not Placed,
6.18,108,86.89,81.86,86.26,0,2,6.42,9.46,0,1,0,CSE,Not Placed,
7.71,117,92.78,85.14,74.42,3,6,5.88,5.16,1,1,0,CSE,Placed,7.14
9.34,108,78.73,87.33,67.33,0,5,3.59,7.79,0,0,0,CE,Placed,5.9
5.86,106,75.64,73.59,72.84,1,2,3.35,9.3,0,1,0,CSE,Not Placed,
8.01,105,73.94,66.99,58.36,0,2,6.7,8.62,0,2,0,ME,Not Placed,
7.68,89,72.45,61.44,88.84,2,3,3.09,5.7,1,3,0,CSE,Placed,4.24
6.95,108,88.87,62.97,60.0,0,3,5.34,6.94,0,1,0,IT,Not Placed,
7.63,80,91.36,52.08,80.77,0,2,7.35,9.01,1,1,0,CE,Placed,5.42
7.18,94,89.55,73.36,79.68,3,2,5.61,9.5,1,1,0,IT,Placed,7.09
9.36,99,81.47,75.5,79.21,2,2,7.97,4.67,2,0,0,ME,Placed,9.72
7.5,105,93.71,54.81,72.74,0,1,7.95,6.98,1,1,2,ME,Placed,5.5
7.67,77,91.37,57.95,61.91,1,1,6.76,6.48,1,3,0,ME,Placed,6.12
5.65,101,65.98,69.92,64.39,0,4,10.0,5.84,0,1,0,CSE,Placed,6.73
6.38,103,76.05,61.87,73.38,2,2,5.67,6.42,2,1,0,ECE,Not Placed,
7.33,107,65.49,74.97,66.27,2,1,4.97,8.44,1,0,0,IT,Not Placed,
5.15,111,80.07,89.59,68.94,1,5,3.62,5.48,1,1,0,CSE,Not Placed,
7.19,108,70.25,75.82,72.36,1,4,6.41,4.37,0,1,0,IT,Placed,7.12
7.26,101,77.4,56.3,68.93,2,3,6.18,4.78,0,1,0,IT,Placed,7.98
7.6,92,85.26,56.61,70.05,2,0,4.06,9.32,1,1,0,IT,Placed,6.37
7.42,99,92.63,66.14,61.83,0,1,8.92,5.24,0,1,0,ECE,Not Placed,
7.72,76,66.99,77.05,74.57,1,3,5.99,4.58,0,2,0,IT,Not Placed,
7.43,116,72.94,80.28,76.06,1,3,4.24,6.37,4,2,0,ME,Not Placed,
5.62,75,77.76,72.98,78.12,1,3,4.65,9.64,0,0,1,ME,Not Placed,
6.96,104,72.59,71.76,79.14,0,1,7.9,8.04,0,1,1,ECE,Not Placed,
7.77,112,76.63,55.95,85.01,1,7,4.12,5.98,0,1,0,ME,Not Placed,
6.91,121,76.33,86.52,83.69,4,5,1.65,,1,1,0,ECE,Placed,4.89
7.55,112,80.9,85.6,75.64,2,7,5.68,7.78,0,2,0,ME,Placed,6.17
5.38,123,74.46,77.48,66.55,0,4,6.42,7.61,2,0,0,IT,Not Placed,
6.87,108,66.64,62.85,67.23,3,3,4.38,5.22,2,3,0,ECE,Not Placed,
6.97,96,76.71,43.81,60.0,1,4,7.0,4.15,1,2,2,CSE,Placed,3.69
6.86,76,86.0,79.6,65.02,2,3,7.0,8.97,0,0,0,CE,Placed,7.3
9.51,117,71.07,73.58,59.0,2,5,8.0,6.26,1,1,0,IT,Placed,8.42
4.42,108,85.16,66.57,67.29,1,1,7.27,6.48,0,2,0,CSE,Not Placed,
7.68,77,85.67,69.54,90.3,0,2,5.01,8.69,1,0,1,EE,Not Placed,
6.45,109,78.78,80.51,77.23,0,3,6.85,5.54,1,0,0,EE,Not Placed,
7.7,118,82.61,,71.13,0,5,9.91,8.29,0,1,0,IT,Placed,7.94
6.97,97,77.29,79.25,66.99,0,1,6.01,4.05,2,3,0,CSE,Not Placed,
7.21,128,69.68,60.34,78.8,0,1,6.63,10.0,0,1,0,IT,Placed,6.93
6.94,105,91.09,75.63,74.05,2,0,8.19,5.29,0,1,0,ME,Placed,7.58
5.95,97,80.74,67.45,71.11,0,2,4.26,9.27,1,2,0,ECE,Not Placed,
7.7,80,92.11,91.1,75.43,0,5,5.57,6.17,0,0,0,ME,Placed,7.79
6.91,84,93.44,85.81,87.79,3,1,6.48,5.32,1,1,0,EE,Placed,6.75
6.35,103,78.11,70.41,84.3,0,2,8.05,5.15,1,0,0,ME,Not Placed,
9.0,114,80.8,96.7,76.46,1,6,9.06,4.75,2,2,0,IT,Placed,9.05
7.57,128,88.32,57.8,72.23,1,3,4.75,7.93,2,1,0,ECE,Not Placed,
8.4,115,62.71,83.31,70.53,1,2,5.76,6.4,0,0,0,EE,Placed,5.78
9.54,105,59.43,68.0,72.01,1,1,5.01,7.13,0,1,0,ME,Placed,7.72
6.0,74,91.11,71.85,75.37,1,2,6.15,6.27,0,1,0,CSE,Not Placed,
6.12,96,53.74,82.87,69.33,2,3,3.0,6.48,0,0,0,CE,Not Placed,
7.46,112,69.96,68.39,60.64,0,3,4.42,5.5,0,1,0,ECE,Not Placed,
9.66,97,72.41,72.15,68.11,2,3,4.25,5.23,2,0,0,CSE,Placed,8.66
6.36,106,72.36,76.8,61.35,2,2,4.35,2.75,1,2,0,CSE,Not Placed,
6.42,83,72.69,76.73,76.29,1,2,6.29,6.44,0,3,0,IT,Placed,6.48
7.94,141,51.38,73.12,78.12,0,0,8.03,6.25,0,0,0,IT,Not Placed,
7.61,105,76.38,92.45,72.44,2,5,3.15,8.01,0,1,0,CE,Placed,5.73
7.51,92,76.87,82.93,74.97,2,0,10.0,6.23,0,0,0,CSE,Not Placed,
6.78,101,71.54,76.97,71.39,1,1,8.07,5.53,0,1,0,IT,Not Placed,
7.36,118,81.81,77.67,76.4,0,3,5.86,5.93,1,1,0,IT,Not Placed,
7.96,116,75.86,77.23,58.05,0,4,3.37,4.5,0,0,0,IT,Placed,6.17
7.13,99,51.94,70.81,72.41,5,3,7.27,7.58,0,0,0,CSE,Placed,8.06
5.75,95,71.84,64.27,62.93,2,0,3.62,6.08,1,1,0,IT,Not Placed,
8.18,95,93.56,64.73,68.3,0,3,7.98,7.93,2,0,0,CE,Placed,6.91
6.6,105,84.7,82.9,64.25,1,3,10.0,5.75,0,0,0,CSE,Placed,7.06
5.9,108,75.8,81.54,74.45,2,6,9.8,5.62,0,1,0,ECE,Placed,8.5
9.32,90,78.46,66.19,60.7,3,2,3.53,5.19,1,0,0,IT,Not Placed,
5.86,76,68.96,66.26,65.06,0,1,6.96,6.16,1,2,1,ECE,Placed,5.26
6.84,106,77.62,70.14,76.34,0,4,8.07,5.3,0,2,1,CSE,Not Placed,
6.83,93,71.77,80.76,67.66,2,2,6.13,5.96,0,0,0,CE,Placed,6.17
5.93,97,77.99,77.61,85.0,2,1,2.86,8.77,1,3,0,IT,Not Placed,
6.51,120,89.53,64.72,85.71,4,1,4.84,5.03,0,3,0,ECE,Placed,6.36
7.99,121,90.62,62.45,62.44,2,2,6.11,7.04,2,4,2,ECE,Placed,8.96
6.99,127,71.68,86.54,70.06,1,1,3.9,4.62,0,1,0,EE,Placed,5.66
5.13,89,87.94,67.51,87.31,0,1,5.21,5.99,0,0,0,CE,Not Placed,
7.09,125,91.0,75.7,63.61,2,2,10.0,6.38,0,1,8,CSE,Placed,10.56
6.53,94,67.69,89.35,66.29,0,1,6.98,7.16,0,2,0,ME,Not Placed,
4.32,113,87.2,52.98,89.51,1,2,3.98,8.7,1,3,0,IT,Not Placed,
7.16,94,74.69,74.96,72.47,2,3,3.16,7.08,1,1,0,CE,Not Placed,
6.7,104,83.29,98.75,93.5,1,4,4.11,4.58,0,1,0,ECE,Placed,6.14
5.9,89,73.12,67.27,65.41,0,2,6.2,6.69,0,0,0,CSE,Not Placed,
7.92,109,78.09,64.0,80.05,2,1,3.37,10.0,1,2,4,ME,Placed,4.34
7.92,81,91.05,76.75,83.05,1,0,4.12,6.83,3,0,0,ECE,Not Placed,
5.46,86,79.71,86.55,73.72,2,2,5.81,9.32,1,0,0,ME,Placed,6.09
5.0,93,82.35,73.62,79.47,0,4,6.3,5.26,1,1,0,IT,Not Placed,
8.03,89,75.56,76.03,57.52,2,2,5.47,3.28,0,2,1,ECE,Placed,5.76
8.09,117,68.8,81.36,64.33,0,2,5.63,5.88,1,3,0,IT,Placed,7.68
8.62,106,59.94,75.2,66.9,1,0,4.62,8.82,0,2,0,ECE,Placed,7.55
6.14,88,67.13,78.98,73.04,0,1,7.96,3.5,0,0,0,ECE,Not Placed,
7.9,89,78.24,69.65,59.02,4,3,5.02,4.78,2,1,0,ECE,Not Placed,
6.75,104,78.27,72.5,89.06,1,2,4.68,6.07,0,1,8,IT,Not Placed,
5.98,75,91.51,75.01,75.64,1,0,8.15,8.48,1,1,0,IT,Not Placed,
8.98,75,74.93,58.65,71.04,2,3,2.25,8.44,0,1,0,IT,Placed,6.13
6.14,88,83.95,71.26,76.34,0,3,5.56,6.58,1,0,0,CSE,Not Placed,
6.21,96,83.65,,85.6,1,0,5.45,6.44,2,1,0,CE,Not Placed,
7.04,108,82.45,78.1,77.63,1,0,5.79,4.73,0,0,0,IT,Not Placed,
6.32,102,73.88,53.43,75.64,2,0,6.65,8.8,0,2,0,ME,Placed,5.69
7.27,82,66.95,76.61,60.68,1,4,4.11,7.47,0,0,0,IT,Not Placed,
7.28,92,78.5,58.05,67.43,0,2,4.69,5.53,0,3,0,IT,Not Placed,
8.28,87,79.87,66.92,57.69,3,2,5.15,5.36,1,1,5,CSE,Placed,9.48
7.1,86,82.97,64.9,69.69,2,0,8.27,6.66,2,1,0,IT,Not Placed,
6.55,95,80.49,64.62,81.71,0,2,4.37,6.61,1,1,2,ECE,Not Placed,
8.37,97,81.8,69.36,71.68,1,6,5.31,8.29,0,0,0,CSE,Placed,8.11
6.51,95,73.22,64.7,83.74,0,3,3.37,4.7,0,0,0,CE,Not Placed,
4.99,102,93.38,65.21,62.19,0,2,5.4,2.46,0,0,0,IT,Not Placed,
6.88,100,93.2,57.97,75.79,1,3,6.8,6.12,0,0,0,ECE,Placed,6.21
6.55,115,64.23,69.37,71.39,1,2,7.39,3.57,1,0,0,IT,Not Placed,
5.6,113,67.16,83.23,66.52,2,8,9.7,4.52,4,0,9,CSE,Not Placed,
6.18,109,87.36,55.35,73.15,1,1,4.21,4.73,0,0,0,CSE,Not Placed,
6.52,94,88.79,66.94,74.15,2,4,4.85,9.88,1,3,0,IT,Not Placed,
8.01,100,68.23,65.22,73.65,0,0,3.89,6.34,1,2,0,CSE,Not Placed,
6.7,93,72.63,94.85,79.46,2,6,6.18,6.76,0,0,0,CSE,Placed,7.33
7.41,90,76.11,63.08,71.84,2,2,3.16,4.84,1,1,0,ECE,Not Placed,
6.97,104,79.21,90.08,73.57,4,1,7.02,4.97,0,1,0,CE,Placed,6.22
7.72,92,80.38,72.13,67.69,2,2,5.21,6.2,1,2,0,ME,Placed,4.52
7.98,101,75.0,62.72,77.59,5,1,4.7,4.56,1,1,0,CSE,Placed,7.94
7.75,95,70.13,46.22,58.93,0,2,5.58,5.61,0,1,0,ECE,Placed,6.06
7.39,124,88.1,87.77,66.07,2,2,5.35,8.11,0,1,0,ME,Placed,6.68
8.91,93,63.53,61.95,73.12,1,5,4.92,5.03,0,0,0,CSE,Placed,9.57
9.46,71,98.15,71.78,59.3,3,1,8.87,8.87,2,0,0,IT,Placed,9.38
7.52,102,94.97,67.92,62.45,1,1,6.85,7.91,1,1,0,CSE,Placed,7.32
7.72,93,67.77,79.1,57.53,0,2,6.81,10.0,0,3,0,EE,Placed,8.06
7.04,91,67.11,77.12,65.75,2,0,4.87,8.05,0,2,0,ECE,Not Placed,
5.55,88,86.47,63.56,59.61,0,3,8.41,3.27,0,1,0,ME,Not Placed,
7.51,84,77.9,84.59,69.81,2,2,7.81,7.43,1,2,0,ECE,Not Placed,
6.57,105,77.98,76.38,66.95,1,2,8.08,7.64,1,0,0,IT,Not Placed,
7.14,94,85.46,66.28,74.41,1,2,5.52,6.94,1,0,6,CSE,Not Placed,
7.32,101,77.19,72.47,71.14,1,3,3.44,7.22,0,2,19,ME,Placed,6.18
7.82,80,98.69,70.22,65.52,1,4,6.69,3.53,1,4,0,IT,Not Placed,
5.85,94,88.26,73.79,75.19,1,4,5.89,3.75,0,1,0,CSE,Not Placed,
7.06,97,65.62,67.52,72.27,1,2,6.41,5.75,1,0,0,CE,Not Placed,
9.26,99,72.33,69.33,77.98,1,1,5.94,6.64,0,0,0,CSE,Placed,8.68
7.29,105,92.87,72.58,74.05,1,1,7.98,7.44,1,0,0,IT,Not Placed,
6.79,90,90.24,70.37,82.18,2,4,5.1,7.05,2,2,0,CE,Placed,5.39
7.97,77,76.09,89.86,55.3,0,2,3.57,7.47,1,1,0,IT,Not Placed,
6.66,96,78.64,80.89,80.98,0,7,7.06,6.24,1,1,0,CSE,Placed,5.66
7.26,99,61.86,66.27,63.46,0,4,10.0,4.39,1,1,0,ME,Placed,6.43
7.46,110,84.97,56.99,69.01,1,5,3.01,5.77,0,3,0,EE,Placed,4.55
6.64,87,66.03,62.64,84.58,1,1,6.36,6.64,0,2,0,ECE,Not Placed,
6.9,72,95.32,94.36,74.64,0,4,5.22,4.76,0,0,16,IT,Not Placed,
8.31,95,88.86,80.81,76.9,4,4,2.52,6.54,0,0,0,ECE,Placed,7.63
8.7,97,80.32,90.29,73.45,1,3,3.11,3.64,1,1,0,ECE,Placed,6.35
5.87,105,97.98,78.98,75.22,4,4,6.95,6.75,0,0,0,ECE,Placed,5.61
6.6,80,80.21,67.82,76.58,2,2,3.28,5.44,0,1,0,IT,Not Placed,
6.94,70,70.51,60.59,74.73,1,1,5.71,3.15,1,1,0,IT,Not Placed,
8.18,101,71.12,67.38,67.94,2,1,5.85,5.59,0,0,2,IT,Placed,7.34
7.02,103,65.87,74.06,84.73,1,2,2.79,7.84,0,1,0,CSE,Not Placed,
7.48,102,83.5,72.59,66.64,0,2,3.59,9.22,1,0,0,IT,Not Placed,
7.89,95,80.68,62.92,74.02,0,4,5.84,6.82,1,4,2,CE,Not Placed,
8.33,113,96.08,52.9,64.57,1,1,8.87,9.01,0,0,0,IT,Placed,8.85
6.67,79,71.13,64.43,76.23,0,0,6.27,3.26,0,1,0,CE,Not Placed,
6.06,95,89.33,77.48,68.8,0,3,3.94,9.22,0,2,0,EE,Placed,4.41
5.86,110,53.0,,72.8,1,3,6.16,6.35,1,1,0,ECE,Placed,4.3
6.82,91,58.09,76.56,72.0,2,4,3.93,6.16,1,2,0,IT,Placed,5.06
7.26,118,75.86,83.31,62.58,0,0,6.61,2.95,0,0,0,CSE,Placed,5.82
8.73,119,84.9,78.52,81.6,2,4,3.13,5.78,1,0,0,IT,Placed,7.48
6.72,97,91.71,67.08,79.62,0,2,4.0,1.29,1,2,0,ECE,Not Placed,
5.37,70,95.58,64.62,81.47,0,3,6.19,5.38,1,1,13,CSE,Not Placed,
6.83,134,87.04,76.5,67.77,0,3,4.96,3.99,0,0,0,EE,Not Placed,
7.5,119,85.96,72.41,70.74,2,3,5.16,,1,1,0,ECE,Placed,6.45
7.89,99,59.79,78.71,68.41,0,0,9.2,3.2,1,1,10,ME,Not Placed,
6.38,114,76.47,63.91,66.99,2,5,4.37,6.84,0,1,0,ECE,Not Placed,
8.71,110,75.1,82.48,60.78,3,3,5.19,6.72,0,2,0,IT,Placed,6.82
8.4,79,84.42,83.36,76.45,1,3,4.41,7.18,0,2,2,ECE,Placed,7.49
8.72,132,80.06,83.45,77.27,0,0,3.65,5.47,1,1,9,CE,Not Placed,
5.81,99,70.8,69.33,75.78,0,7,4.85,6.81,2,0,0,CSE,Not Placed,
7.7,103,85.06,86.65,74.31,2,2,8.09,6.32,0,0,0,CE,Placed,7.74
6.01,106,66.12,82.24,83.15,1,4,3.93,5.14,1,0,0,IT,Placed,5.84
9.0,134,90.02,81.95,74.31,2,4,10.0,9.51,1,1,0,CSE,Placed,10.82
7.58,92,62.95,68.06,75.19,2,1,6.18,4.76,0,2,0,IT,Placed,8.5
6.74,121,72.38,77.87,70.35,0,1,4.67,7.77,0,3,0,EE,Not Placed,
6.8,93,87.08,78.79,73.91,0,2,9.14,7.07,0,0,0,EE,Not Placed,
7.81,125,83.91,72.42,69.64,1,3,7.4,9.95,2,2,0,IT,Placed,8.1
6.74,105,81.51,83.0,69.59,1,4,3.52,7.01,0,1,1,CE,Not Placed,
7.4,70,84.19,79.19,69.51,0,3,10.0,5.09,0,1,7,CSE,Placed,6.91
7.93,107,80.7,80.84,70.69,1,1,5.45,1.56,0,1,16,CSE,Not Placed,
5.09,84,76.75,72.26,66.6,1,5,6.46,4.37,0,1,0,CSE,Placed,3.87
5.49,85,82.87,75.03,74.09,0,3,6.6,8.84,0,0,0,IT,Not Placed,
9.56,124,61.98,83.37,62.27,3,2,8.45,3.95,0,2,0,IT,Placed,9.72
5.88,83,77.8,73.22,65.68,0,6,5.46,7.25,0,1,0,ECE,Not Placed,
6.72,130,73.95,57.65,52.32,3,6,8.05,4.61,1,2,0,IT,Not Placed,
6.59,90,96.36,72.84,76.15,1,0,4.71,5.09,0,1,0,IT,Not Placed,
7.73,100,83.91,87.83,77.73,1,3,3.75,5.42,0,0,0,ECE,Placed,7.79
4.97,111,74.58,52.17,76.67,0,4,6.63,7.35,0,0,0,ME,Not Placed,
6.18,100,95.11,82.59,61.71,3,1,5.02,5.65,0,0,0,EE,Not Placed,
7.61,93,84.85,77.48,77.59,0,4,4.15,4.9,1,0,0,CE,Not Placed,
6.58,94,77.83,73.9,73.59,0,3,3.63,7.14,2,0,0,IT,Not Placed,
7.47,104,55.98,81.89,67.78,1,1,4.66,3.51,1,0,0,CSE,Not Placed,
7.14,94,87.27,74.01,66.19,1,4,8.84,7.65,0,0,0,ME,Not Placed,
8.34,106,76.53,96.32,77.95,1,2,6.98,9.41,1,0,0,EE,Not Placed,
6.41,117,80.47,87.5,71.53,1,3,4.62,8.25,0,1,0,IT,Placed,5.12
4.63,113,84.17,78.43,55.16,0,3,9.53,3.51,0,0,8,IT,Not Placed,
6.09,85,83.05,65.02,66.61,0,5,2.63,5.54,2,4,1,ME,Not Placed,
6.3,90,70.54,69.6,70.57,1,1,6.58,2.56,1,4,0,IT,Not Placed,
8.22,108,74.19,90.7,69.72,2,2,3.16,4.33,0,1,0,IT,Placed,8.57
6.94,82,93.46,75.81,54.98,0,0,5.21,4.18,1,0,0,IT,Not Placed,
5.5,95,95.14,72.31,75.93,1,0,4.24,6.82,1,0,0,IT,Not Placed,
7.1,100,77.64,66.73,54.96,5,0,6.0,7.24,1,0,0,ECE,Placed,7.82
6.28,116,91.26,64.42,79.11,1,2,2.76,6.8,2,0,0,CE,Not Placed,
8.32,99,62.95,61.36,64.63,2,1,7.16,5.15,1,0,0,CSE,Placed,7.7
7.35,102,90.89,79.04,69.1,0,4,1.7,7.18,0,1,0,CE,Placed,2.76
7.26,93,64.55,69.87,74.93,0,0,7.02,5.76,0,2,7,ME,Not Placed,
7.01,86,85.11,69.1,68.9,0,4,6.95,4.76,1,0,24,ECE,Placed,5.76
6.39,107,77.52,49.64,89.38,2,1,5.93,4.9,1,1,0,ME,Not Placed,
7.01,114,88.48,76.77,75.45,1,4,5.58,7.11,0,1,0,CSE,Placed,8.11
5.74,97,74.46,83.15,71.38,2,2,5.89,5.93,0,0,0,CSE,Not Placed,
7.08,89,80.05,76.28,76.94,1,1,9.2,7.23,0,0,0,ME,Not Placed,
8.02,92,84.22,80.27,72.46,0,2,9.96,4.98,2,0,0,CSE,Not Placed,
7.25,88,55.21,49.89,83.18,1,4,7.46,5.48,0,0,0,IT,Placed,8.0
6.25,94,74.72,76.06,68.49,2,2,5.53,5.96,1,1,2,CE,Placed,4.18
5.07,123,64.9,69.37,68.25,1,4,3.51,4.39,0,0,0,IT,Not Placed,
6.66,121,89.34,82.17,74.05,0,2,6.29,9.25,1,5,0,ECE,Placed,7.93
6.59,125,78.12,83.08,74.79,2,3,4.97,8.39,1,2,0,CSE,Placed,6.64
6.52,112,70.12,62.61,69.29,1,2,4.4,4.42,1,1,0,ME,Not Placed,
6.78,102,64.61,64.19,80.02,1,1,4.91,5.78,1,1,8,CE,Not Placed,
7.32,93,64.53,84.11,66.73,0,2,6.27,5.72,0,1,1,IT,Not Placed,
6.78,118,91.79,85.67,53.84,2,1,8.65,8.8,2,0,0,EE,Not Placed,
8.45,122,66.32,54.54,85.75,1,2,7.62,8.35,1,1,1,IT,Placed,7.65
6.65,96,82.34,63.18,78.83,1,3,4.97,6.24,0,1,0,ME,Not Placed,
6.15,107,84.06,63.84,72.37,1,0,5.9,9.25,0,2,6,CSE,Not Placed,
7.17,104,90.87,77.48,68.75,1,0,6.54,4.72,0,1,0,ME,Not Placed,
7.01,101,61.15,73.68,88.12,3,4,7.09,6.6,1,3,2,IT,Placed,8.26
5.79,111,82.52,68.41,59.82,4,2,5.96,4.04,1,1,0,IT,Placed,6.54
6.05,104,79.8,79.62,70.58,1,5,6.54,5.32,0,0,0,CE,Placed,6.47
6.97,92,91.61,75.53,75.6,0,3,3.17,6.81,3,0,0,EE,Not Placed,
6.0,105,78.42,74.39,60.51,1,4,9.56,4.87,0,2,0,EE,Placed,5.81
6.9,114,71.42,70.84,78.56,0,4,8.05,4.41,0,3,0,EE,Placed,8.03
6.12,119,75.75,82.3,68.73,2,2,10.0,4.74,0,1,6,CE,Placed,8.16
7.71,117,78.08,82.92,63.33,1,3,2.71,6.44,1,0,0,ECE,Placed,4.91
6.72,96,73.67,69.42,85.43,1,2,6.95,4.03,1,0,0,IT,Not Placed,
7.67,82,69.81,63.46,66.35,1,3,2.53,6.9,0,0,0,IT,Placed,6.19
9.2,113,90.78,75.74,71.24,1,2,7.41,,0,2,0,CSE,Placed,9.82
7.62,114,87.18,77.63,70.43,1,4,7.82,7.83,1,1,0,CSE,Placed,8.64
7.27,101,74.84,74.66,80.54,1,2,5.93,6.23,0,2,0,ME,Placed,9.09
7.04,91,79.14,67.42,70.4,2,4,7.79,6.29,0,0,0,ME,Not Placed,
5.82,120,88.97,78.97,56.62,2,0,5.56,6.83,1,1,0,IT,Not Placed,
5.4,92,79.81,91.61,65.88,2,1,6.25,7.83,1,0,0,EE,Not Placed,
5.7,100,70.43,63.45,63.45,1,2,3.84,7.38,2,0,0,ECE,Not Placed,
8.25,117,79.94,83.24,80.15,1,1,8.33,7.34,1,1,0,CSE,Placed,9.09
6.54,121,86.1,69.64,79.72,1,5,7.31,6.26,1,3,0,CSE,Placed,7.36
7.55,100,60.08,68.77,76.96,2,1,3.79,7.17,0,1,0,CSE,Placed,6.95
6.8,106,88.54,68.67,48.45,0,2,4.49,3.57,1,0,0,IT,Not Placed,
8.39,89,87.24,86.93,65.95,1,0,7.48,7.47,0,1,0,CE,Not Placed,
8.14,112,75.98,78.3,73.82,3,4,7.48,5.27,0,0,3,CSE,Placed,9.49
6.89,97,83.37,66.58,57.31,1,3,2.43,3.15,2,5,0,ME,Not Placed,
6.02,101,85.53,71.3,84.83,0,3,6.49,,0,2,0,CSE,Not Placed,
7.43,110,67.33,61.76,69.46,4,4,5.22,4.39,1,1,0,EE,Placed,6.6
7.44,136,72.07,68.02,70.02,2,1,5.54,4.76,0,2,12,CSE,Not Placed,
9.98,100,73.15,74.17,77.06,0,3,3.99,3.39,0,1,0,IT,Placed,9.41
8.51,115,94.73,74.96,68.64,1,2,9.17,5.65,1,0,0,CSE,Placed,12.0
7.94,96,64.12,69.04,61.89,2,2,7.42,5.32,1,2,0,EE,Placed,8.69
7.53,102,86.56,93.25,76.46,2,1,10.0,5.67,2,2,0,CSE,Not Placed,
7.04,110,79.97,59.09,81.18,1,4,5.65,3.34,1,1,0,IT,Placed,5.3
7.61,114,79.33,58.9,68.71,2,3,1.52,6.52,2,1,0,ECE,Not Placed,
7.9,91,83.8,73.33,82.81,1,0,6.93,3.55,1,2,1,CSE,Not Placed,
5.91,97,96.05,69.96,73.96,2,0,5.21,4.68,0,1,0,ECE,Not Placed,
7.45,149,83.77,65.57,77.96,1,2,4.26,9.94,1,0,0,CSE,Not Placed,
5.83,103,71.84,69.62,74.83,0,3,3.63,7.25,0,2,0,IT,Not Placed,
8.7,85,95.78,90.12,60.1,1,8,5.21,6.27,1,0,2,IT,Placed,7.13
6.84,77,70.6,79.99,82.8,1,1,8.59,6.29,2,1,0,EE,Not Placed,
6.83,86,77.33,86.33,65.72,0,5,9.61,6.41,0,2,0,ECE,Not Placed,
8.22,85,74.26,73.71,65.89,0,0,2.16,8.78,0,2,0,CSE,Not Placed,
7.31,92,81.51,81.65,73.5,3,2,5.51,7.34,1,1,0,EE,Placed,7.95
6.82,101,95.73,88.7,70.02,2,2,8.77,6.44,1,1,0,EE,Not Placed,
6.77,111,76.51,68.64,61.5,1,1,5.24,4.48,0,1,0,ECE,Not Placed,
7.4,70,70.74,81.33,56.67,1,2,5.04,9.95,0,1,8,ECE,Placed,9.0
5.26,149,80.24,81.83,63.73,0,2,8.58,5.39,0,1,6,ME,Placed,4.56
6.97,113,75.95,96.87,81.87,3,3,5.86,6.82,0,1,0,EE,Placed,6.41
6.1,96,67.96,88.36,69.47,0,3,4.56,10.0,0,0,0,CSE,Placed,4.09
6.98,92,66.04,67.42,70.41,2,2,3.97,4.3,0,1,0,CSE,Not Placed,
9.51,89,85.62,80.44,70.49,1,2,5.91,7.85,2,4,0,IT,Not Placed,
7.37,95,85.07,75.66,80.13,1,1,4.96,5.57,1,0,0,CSE,Not Placed,
7.27,70,80.1,79.84,61.89,1,1,2.32,4.5,0,1,0,ECE,Placed,4.68
7.93,106,69.83,79.15,69.82,1,2,3.98,6.86,2,1,0,ECE,Not Placed,
5.49,84,87.62,86.25,81.79,1,5,6.26,7.27,0,0,1,CE,Not Placed,
9.14,105,76.41,75.97,67.1,0,7,6.07,4.47,1,1,0,EE,Placed,10.0
8.08,127,63.02,92.25,71.32,0,3,5.63,8.69,1,1,0,CE,Placed,5.51
7.5,104,85.24,73.25,67.87,1,1,5.39,6.15,1,0,0,CE,Not Placed,
8.3,100,90.02,81.86,71.84,2,5,6.83,6.21,1,1,0,IT,Not Placed,
5.31,90,92.57,85.37,66.08,2,2,3.94,2.36,1,0,0,ECE,Not Placed,
4.81,97,82.51,85.71,58.71,4,0,7.59,6.71,0,2,0,CSE,Not Placed,
5.28,99,72.51,88.97,71.82,2,3,10.0,5.18,0,0,0,ME,Not Placed,
8.01,101,71.74,74.54,57.39,1,4,7.52,4.17,2,2,0,IT,Placed,9.4
6.41,91,88.91,69.54,68.54,1,2,7.06,4.42,2,1,0,CSE,Not Placed,
6.51,113,73.8,60.71,73.28,0,3,5.69,5.94,0,1,0,ECE,Not Placed,
9.06,99,86.94,66.83,68.8,1,4,7.22,4.9,2,3,0,IT,Placed,7.3
8.63,81,74.54,59.0,76.51,0,1,8.26,4.6,0,1,0,EE,Placed,6.5
8.54,113,85.12,81.23,83.4,0,3,10.0,4.78,0,1,0,ME,Placed,9.5
4.0,99,85.67,70.49,75.79,3,2,5.86,9.58,1,1,0,IT,Not Placed,
6.19,90,92.27,90.86,75.39,2,2,9.38,4.91,1,2,0,ECE,Placed,5.31
5.43,91,77.39,82.81,65.64,3,1,5.83,6.1,1,2,0,ECE,Not Placed,
6.78,104,81.5,68.28,69.48,2,1,9.72,6.2,1,2,0,CSE,Placed,8.44
7.91,125,75.51,59.31,73.64,2,2,8.21,3.05,0,0,0,IT,Placed,9.59
7.06,117,63.72,83.46,81.46,2,1,7.84,8.32,1,1,1,IT,Placed,9.14
7.16,130,72.51,66.57,73.89,0,3,4.03,4.95,0,0,2,ME,Not Placed,
6.88,98,80.46,72.94,74.74,2,1,6.42,4.25,0,0,0,IT,Not Placed,
5.86,99,71.31,71.11,86.35,2,0,5.7,4.76,0,3,7,ME,Placed,5.93
4.44,82,82.23,90.78,64.27,2,4,6.9,5.4,0,2,0,EE,Not Placed,
7.27,73,67.92,70.28,70.26,0,2,2.63,5.57,1,3,7,ECE,Placed,5.07
6.65,116,63.78,68.65,79.72,1,4,0.0,3.63,1,0,0,ME,Not Placed,
7.91,81,82.71,73.17,76.37,0,2,9.03,9.01,0,1,0,ECE,Placed,7.09
7.8,106,65.37,75.27,57.29,0,1,3.28,8.02,1,0,0,ECE,Placed,6.35
5.06,83,61.59,70.37,70.2,0,5,5.03,4.44,0,1,0,EE,Not Placed,
7.22,101,67.86,64.98,58.22,1,1,5.65,8.13,0,3,0,IT,Placed,6.78
5.99,90,100.0,85.87,59.22,1,3,3.78,2.88,1,1,0,IT,Not Placed,
7.11,88,63.06,66.3,76.43,1,0,7.3,4.78,0,1,1,CSE,Placed,6.93
5.03,78,78.65,74.24,75.48,0,3,5.14,7.92,1,0,0,ECE,Not Placed,
6.88,87,70.99,78.43,87.43,2,3,4.4,8.89,0,0,6,EE,Placed,7.83
6.82,94,79.37,64.42,59.94,1,2,10.0,7.51,0,1,0,IT,Not Placed,
7.5,120,66.45,57.22,85.84,0,0,8.89,5.34,0,0,0,ECE,Placed,6.63
6.35,123,86.65,76.21,79.94,0,3,4.95,6.25,2,2,11,ECE,Placed,6.25
5.87,102,83.32,94.86,77.92,0,1,4.71,6.61,0,0,0,CSE,Not Placed,
7.54,87,72.39,61.76,71.3,2,2,4.84,8.33,1,0,3,IT,Placed,5.43
5.55,120,87.91,72.36,65.76,0,4,5.54,4.83,0,0,0,CE,Not Placed,
5.33,77,84.87,79.0,65.26,1,2,7.1,7.98,0,3,0,ECE,Not Placed,
6.9,123,68.11,58.51,74.24,1,0,5.87,7.35,0,0,8,ECE,Placed,4.46
7.76,119,75.27,71.25,61.47,2,5,6.83,6.61,0,2,9,ME,Not Placed,
6.87,96,89.17,88.16,56.76,0,1,3.98,5.34,1,2,0,EE,Placed,4.46
5.4,86,66.03,65.6,92.89,0,5,5.07,5.86,0,2,10,CE,Not Placed,
7.61,102,84.18,80.29,73.96,3,1,10.0,6.97,1,0,0,ME,Placed,7.69
6.41,90,64.5,60.79,68.12,1,5,9.68,6.16,0,1,0,ME,Not Placed,
6.4,125,82.02,76.01,71.92,1,5,9.05,5.47,0,2,0,IT,Placed,7.3
7.43,79,83.49,63.9,81.95,2,3,6.24,10.0,0,1,0,EE,Placed,8.62
7.51,86,81.82,67.99,69.32,1,6,5.9,7.37,0,0,0,EE,Placed,7.38
5.97,99,81.07,,72.25,0,1,9.75,6.52,0,1,0,ECE,Not Placed,
8.26,89,84.46,78.8,79.15,2,4,7.36,7.07,0,0,0,CSE,Placed,9.48
7.27,117,90.27,59.48,90.17,0,2,7.69,5.77,2,0,0,CSE,Not Placed,
9.05,104,78.15,69.93,63.47,2,3,6.47,4.95,0,2,0,CSE,Placed,10.66
6.49,70,50.5,64.46,64.64,1,4,4.06,5.94,0,1,0,ME,Placed,7.46
5.45,81,78.18,82.95,64.06,1,1,2.85,5.74,0,4,6,CE,Not Placed,
6.62,70,75.2,79.83,78.53,0,1,3.75,7.92,0,2,0,ECE,Not Placed,
9.77,86,77.7,62.85,70.88,1,2,5.33,1.87,0,0,0,ECE,Placed,8.89
5.8,86,70.3,63.53,67.25,2,2,7.03,6.32,0,1,0,IT,Not Placed,
8.96,93,67.95,71.98,76.16,0,1,6.15,8.5,2,1,0,ECE,Placed,7.42
7.24,117,74.05,68.59,77.17,0,4,5.91,5.03,1,1,0,ECE,Placed,8.39
5.17,94,60.18,78.35,71.91,3,3,6.23,9.6,0,0,0,CSE,Placed,5.66
5.87,97,77.0,88.43,83.7,0,2,5.58,4.69,2,0,0,ECE,Not Placed,
8.24,108,90.39,65.97,73.4,2,3,8.8,3.59,0,1,2,CSE,Placed,7.9
5.73,125,78.49,66.94,78.91,1,5,6.39,4.49,0,1,0,ECE,Placed,5.13
10.0,70,91.27,62.55,61.52,1,6,8.94,6.13,1,0,0,ECE,Placed,10.6
5.77,107,78.78,60.66,76.41,2,1,5.19,6.5,0,0,0,CSE,Placed,6.49
6.63,97,76.96,80.59,70.21,1,2,6.1,6.09,2,2,0,ECE,Not Placed,
6.76,128,84.96,74.55,80.69,2,6,5.91,8.54,0,0,0,ECE,Placed,7.44
4.0,105,70.07,69.41,54.46,1,5,8.63,5.65,1,2,0,CSE,Not Placed,
5.78,120,79.99,69.85,70.21,1,2,8.67,8.26,0,1,0,CSE,Not Placed,
7.21,119,66.34,88.98,79.64,1,4,4.47,4.45,1,0,0,IT,Not Placed,
5.28,102,86.3,86.62,80.29,1,2,4.66,4.76,1,1,0,ECE,Not Placed,
7.03,111,87.94,83.64,64.09,0,4,2.16,7.95,1,0,0,EE,Not Placed,
7.07,94,85.63,71.29,70.31,0,1,6.84,5.68,0,0,0,CE,Placed,5.44
5.88,107,75.85,67.16,61.5,2,2,6.82,5.03,0,0,0,EE,Not Placed,
6.35,116,51.27,72.73,72.75,1,2,4.2,4.74,1,1,0,ME,Not Placed,
8.13,112,89.15,77.75,83.08,1,0,9.23,9.63,2,1,0,CSE,Not Placed,
5.94,93,78.32,70.89,67.25,1,2,7.02,5.05,0,1,9,CSE,Not Placed,
6.09,109,65.64,68.73,65.84,1,2,9.15,6.62,0,0,0,ME,Placed,6.74
7.86,93,95.85,100.0,87.6,3,2,7.23,4.05,0,1,0,CSE,Not Placed,
6.85,118,69.29,75.63,63.36,1,5,5.53,5.88,0,3,0,CE,Placed,5.4
5.81,107,78.56,77.79,76.46,2,3,6.27,4.75,0,2,0,CSE,Not Placed,
7.05,99,75.33,73.74,75.62,0,2,6.29,8.48,0,2,0,IT,Not Placed,
7.51,84,81.98,86.07,73.17,1,3,4.46,4.25,0,1,1,CSE,Placed,6.48
6.63,96,72.07,82.8,66.91,1,3,5.4,8.23,0,2,0,IT,Placed,5.7
7.89,91,76.56,70.57,65.47,2,1,4.4,5.66,1,1,0,CSE,Not Placed,
6.28,121,72.76,92.65,70.97,1,0,3.39,4.44,1,0,0,EE,Not Placed,
6.9,115,97.23,89.98,57.21,3,0,7.5,5.57,0,1,0,CSE,Placed,7.24
5.56,99,87.18,67.8,63.9,2,1,4.25,5.17,0,1,3,ECE,Not Placed,
5.95,95,62.38,77.02,69.92,2,2,4.63,5.46,1,3,0,ECE,Not Placed,
7.99,100,82.14,76.0,70.55,1,2,1.79,4.98,1,1,0,EE,Not Placed,
6.6,115,66.55,70.12,55.23,2,1,5.23,8.7,0,1,0,CSE,Placed,6.87
6.01,99,66.52,70.24,62.39,2,3,2.58,8.76,0,2,1,CSE,Placed,4.34
8.53,117,83.54,77.49,54.73,2,1,6.43,5.53,0,1,0,ECE,Placed,8.27
9.43,107,90.51,66.51,66.64,2,4,6.82,3.36,0,3,0,CSE,Placed,11.11
7.24,108,71.88,75.53,82.22,2,2,5.82,,0,1,0,EE,Placed,5.9
5.44,107,65.49,83.95,81.99,3,2,5.57,7.9,1,3,0,IT,Not Placed,
6.84,102,76.91,67.09,89.94,0,1,8.72,4.85,2,0,0,ME,Not Placed,
7.1,89,66.13,72.67,68.91,0,3,10.0,10.0,0,1,0,IT,Not Placed,
6.12,135,72.65,86.58,82.45,1,3,5.86,5.68,0,1,5,IT,Placed,5.57
6.75,121,92.85,70.91,72.69,2,2,5.47,9.56,1,0,0,EE,Placed,6.12
5.6,141,86.94,77.68,74.85,1,0,6.72,7.22,2,0,0,EE,Not Placed,
6.05,85,89.47,78.87,76.0,2,2,8.14,3.58,1,0,0,ECE,Placed,6.87
5.99,97,73.46,66.97,83.27,3,4,4.88,3.12,0,0,0,EE,Not Placed,
7.3,100,68.24,73.56,76.56,1,2,9.27,8.7,0,2,0,EE,Placed,7.32
7.93,89,74.5,78.44,76.37,2,2,9.6,6.78,0,0,0,ME,Placed,8.75
5.49,95,68.16,67.79,69.03,2,6,8.3,7.54,0,1,0,CSE,Placed,6.82
7.1,127,82.25,78.28,79.76,2,0,5.89,7.83,0,0,0,ECE,Not Placed,
7.24,106,74.1,58.54,64.24,1,2,7.82,5.01,0,2,0,CSE,Placed,8.45
5.19,117,85.44,74.24,70.8,2,3,7.17,3.68,0,0,0,IT,Placed,5.47
4.38,108,62.46,69.94,71.1,3,2,6.02,5.94,1,0,0,IT,Not Placed,
6.2,113,69.09,83.99,73.0,0,1,6.14,7.43,0,1,0,CSE,Placed,4.92
4.95,114,80.88,80.54,80.46,3,2,8.76,3.83,0,1,0,CE,Not Placed,
5.92,105,75.65,58.7,66.29,5,4,5.12,9.12,1,1,8,IT,Placed,6.44
6.95,85,69.99,85.93,69.42,0,4,9.18,10.0,0,0,0,EE,Placed,8.19
6.7,115,82.88,84.04,66.15,0,2,4.61,5.92,1,2,0,ME,Not Placed,
5.71,70,84.66,69.06,74.99,1,2,6.97,9.15,0,0,0,CE,Placed,4.3
7.92,113,77.04,86.99,80.92,1,2,4.5,7.36,1,2,0,ME,Placed,8.21
8.18,104,79.29,70.77,62.93,1,0,4.78,4.7,1,1,0,ME,Not Placed,
5.25,80,75.24,76.27,74.37,0,5,6.98,,1,1,5,ECE,Not Placed,
6.96,87,73.74,69.49,64.82,0,2,4.08,7.58,0,0,0,EE,Not Placed,
7.91,106,88.51,71.1,78.63,1,3,4.44,4.4,0,0,0,CSE,Not Placed,
8.44,105,69.05,80.4,66.82,2,4,6.27,6.69,1,0,1,CSE,Placed,8.08
6.33,119,72.34,89.13,63.62,0,5,7.1,5.39,0,1,0,CSE,Placed,7.54
7.32,116,84.73,88.05,77.38,1,4,7.65,5.37,1,1,0,IT,Not Placed,
4.52,80,84.24,99.1,61.76,0,4,6.99,6.82,2,1,0,CSE,Not Placed,
8.13,113,62.34,80.82,59.63,2,1,4.75,8.55,0,0,0,CSE,Placed,8.19
6.5,103,90.29,81.42,79.92,0,1,4.15,6.53,0,0,30,CSE,Not Placed,
9.45,98,68.88,76.34,69.98,0,1,6.29,5.73,2,0,0,CE,Not Placed,
5.54,89,74.04,87.84,72.69,0,3,3.48,6.83,0,3,6,ECE,Placed,2.68
4.56,93,91.44,73.43,67.45,2,3,8.83,6.49,0,1,0,ECE,Placed,5.66
6.2,99,76.46,69.94,80.72,2,0,9.26,5.52,0,2,0,ME,Placed,7.47
7.03,103,94.67,76.95,74.35,2,5,4.05,8.11,0,1,0,IT,Placed,6.04
6.42,89,73.4,67.52,74.2,3,1,7.35,7.3,2,1,0,ECE,Not Placed,
6.18,70,76.02,84.32,72.17,1,3,8.4,7.93,0,1,0,CSE,Not Placed,
6.87,99,79.27,61.86,74.6,0,8,4.65,6.22,0,0,1,IT,Placed,5.95
6.66,106,73.6,86.33,74.49,2,0,7.02,1.62,2,0,1,ME,Not Placed,
7.82,78,88.48,86.93,77.06,0,5,5.74,5.73,0,1,0,ME,Not Placed,
9.16,87,90.55,80.28,62.18,2,2,9.3,6.89,1,2,0,CSE,Placed,8.92
7.27,98,84.79,75.01,71.81,0,2,4.66,6.34,0,0,0,IT,Not Placed,
7.24,100,79.94,78.7,66.05,1,4,5.73,5.04,0,2,0,ECE,Not Placed,
7.06,101,92.14,76.83,60.69,2,1,6.19,6.32,0,3,0,CSE,Placed,7.3
9.53,91,92.7,84.25,67.63,1,3,5.56,7.12,3,3,0,CSE,Placed,10.42
6.56,105,75.6,75.98,58.1,1,4,2.91,5.62,2,4,7,CSE,Not Placed,
8.13,105,80.14,78.35,70.97,5,1,7.63,8.08,0,1,4,CSE,Placed,11.09
5.67,103,61.58,73.71,71.95,1,3,7.19,6.59,1,0,0,IT,Not Placed,
7.36,97,90.15,63.04,72.93,0,3,8.19,6.61,1,0,0,CSE,Not Placed,
5.76,107,73.59,75.44,78.16,0,1,7.87,4.54,0,2,0,ME,Not Placed,
5.77,104,60.73,98.36,67.34,2,0,5.45,8.21,0,0,0,CSE,Placed,5.34
5.68,111,73.0,72.59,66.14,2,3,5.62,2.7,0,1,0,ECE,Not Placed,
6.5,89,84.67,82.86,75.11,0,3,6.97,4.62,0,2,0,CSE,Placed,6.17
7.63,130,72.87,71.89,77.33,3,1,8.39,6.3,1,1,1,EE,Placed,7.48
7.12,94,94.64,75.09,71.49,1,2,4.96,6.87,1,2,0,CSE,Placed,5.19
7.2,148,74.76,65.14,73.56,1,0,8.25,6.15,1,0,5,ECE,Not Placed,
5.01,118,62.36,75.2,80.49,0,2,3.07,5.38,0,0,0,ECE,Not Placed,
6.33,108,80.06,67.17,66.58,3,2,3.45,8.21,1,2,0,CSE,Not Placed,
7.26,94,76.18,72.62,63.7,0,0,6.31,,0,1,7,ECE,Placed,5.92
6.82,111,64.83,82.16,73.16,2,2,5.67,2.95,0,0,0,CSE,Placed,5.61
7.04,114,83.77,60.18,78.44,3,5,6.86,5.92,2,0,0,CSE,Placed,8.65
5.1,88,70.79,73.82,88.62,1,1,10.0,4.93,1,0,0,CSE,Not Placed,
8.06,70,82.26,69.83,74.47,1,1,6.2,5.49,1,2,0,ECE,Placed,5.41
6.1,110,73.23,72.07,67.8,3,1,8.06,5.19,1,0,0,ECE,Not Placed,
6.68,94,78.74,82.64,69.12,0,0,4.02,8.49,0,0,0,CSE,Not Placed,
8.9,79,88.07,81.3,78.58,1,1,0.97,5.86,1,0,0,IT,Not Placed,
5.45,104,79.94,77.17,71.95,1,0,3.92,8.79,2,1,0,CE,Not Placed,
8.39,78,77.28,80.24,63.77,2,4,7.08,4.49,0,0,0,CE,Placed,6.23
7.85,102,77.98,74.09,75.9,1,0,3.62,,0,1,0,ME,Placed,5.19
7.37,99,74.46,84.25,67.83,0,6,8.77,4.54,1,0,1,CSE,Placed,9.13
9.02,95,91.83,75.74,67.46,0,2,6.25,8.62,1,0,0,CSE,Placed,6.89
8.44,98,76.28,77.98,55.09,0,0,6.26,3.28,0,0,0,CSE,Placed,7.26
6.16,92,84.87,69.96,55.41,5,6,7.48,4.02,0,1,0,IT,Placed,6.4
5.93,90,87.45,78.21,84.25,3,1,4.75,6.75,0,2,10,IT,Not Placed,
6.63,95,69.93,63.34,72.66,1,0,7.68,6.48,1,0,0,CSE,Placed,7.33
6.24,74,75.11,81.37,87.88,1,2,7.35,9.71,0,1,0,ECE,Not Placed,
5.97,95,75.82,76.89,86.91,1,4,8.48,6.16,1,3,0,ME,Not Placed,
5.33,77,78.79,56.6,78.49,1,1,3.48,3.51,1,3,0,ECE,Not Placed,
7.4,70,84.32,82.47,70.59,2,3,4.65,5.6,0,2,0,CSE,Placed,6.52
5.13,92,70.27,69.41,78.67,0,2,8.2,5.57,0,2,0,CSE,Not Placed,
6.08,79,87.7,77.62,65.67,2,1,6.51,8.74,0,2,1,CSE,Not Placed,
7.8,116,73.83,68.52,67.56,1,1,7.4,5.52,0,0,0,ME,Not Placed,
7.72,79,79.48,66.42,64.24,1,0,2.67,6.22,0,1,0,ME,Not Placed,
8.08,96,74.46,91.79,66.14,2,1,7.37,5.54,0,4,0,CSE,Placed,8.81
7.1,92,83.29,97.74,78.2,0,1,4.12,5.3,0,0,0,IT,Placed,5.94
5.36,99,82.56,77.87,69.09,3,3,5.69,7.36,0,0,0,ECE,Placed,5.36
7.46,109,74.02,82.28,58.59,1,0,4.51,4.2,0,0,0,CSE,Not Placed,
4.91,79,92.7,80.21,65.47,1,3,4.93,6.77,0,0,0,IT,Not Placed,
7.47,100,94.49,79.56,68.46,2,5,2.94,5.61,0,0,0,CSE,Placed,5.02
5.83,114,67.63,73.35,72.74,2,3,5.96,7.29,1,1,0,EE,Not Placed,
6.2,96,73.8,80.76,87.89,0,4,4.0,5.4,0,1,0,CSE,Not Placed,
5.61,108,72.67,62.76,65.91,2,3,5.97,9.71,0,0,4,IT,Not Placed,
8.23,76,59.36,66.19,74.05,2,1,6.56,6.18,1,0,3,ME,Placed,9.64
6.58,85,74.75,89.55,71.87,1,7,6.35,5.95,1,0,0,CE,Placed,4.25
6.67,113,97.48,76.86,72.13,4,2,9.59,5.59,1,1,0,ME,Not Placed,
9.1,79,95.74,72.65,62.6,3,1,6.92,3.83,0,0,1,IT,Placed,9.69
5.38,118,93.28,58.07,70.5,2,2,4.36,6.71,1,1,0,CSE,Not Placed,
6.18,93,85.44,79.42,68.38,1,1,4.75,8.71,1,2,0,CSE,Not Placed,
8.75,97,82.66,78.61,57.83,1,2,4.36,7.65,0,3,0,CSE,Not Placed,
6.71,84,82.77,75.42,72.2,0,2,10.0,4.98,0,0,0,CSE,Not Placed,
8.21,127,81.11,91.6,81.62,0,0,6.18,9.07,1,0,0,CE,Not Placed,
6.9,70,80.1,68.14,83.06,1,2,7.8,7.16,0,1,5,IT,Placed,7.6
6.02,116,76.61,72.03,70.26,4,4,4.82,4.68,0,1,0,EE,Placed,5.08
4.59,113,54.12,81.55,81.2,1,4,6.16,7.09,0,0,0,CE,Not Placed,
6.6,86,92.92,69.61,62.63,1,1,6.92,4.45,0,1,0,ME,Not Placed,
6.31,105,72.22,78.61,69.86,0,6,7.75,6.49,0,0,0,IT,Not Placed,
7.31,106,67.15,85.07,79.36,0,0,4.77,4.19,0,0,0,CSE,Placed,5.7
8.1,108,86.64,68.42,71.08,0,1,4.28,9.24,0,2,0,ECE,Not Placed,
5.22,108,78.46,67.03,60.17,2,4,8.78,7.71,1,2,0,ME,Placed,6.77
7.74,106,91.81,82.77,66.98,0,3,4.06,6.93,0,1,0,ECE,Placed,6.97
4.48,95,75.56,63.83,66.13,1,4,8.04,6.01,0,2,6,CE,Placed,2.5
6.35,94,68.88,78.93,83.2,1,2,9.02,7.6,1,1,0,CSE,Placed,8.7
7.4,94,85.1,62.99,77.34,2,1,1.33,6.16,1,1,4,ECE,Not Placed,
6.59,89,77.85,74.97,69.19,2,5,7.1,4.23,0,1,0,ECE,Placed,5.38
7.72,93,86.38,57.43,59.12,0,5,5.64,7.61,3,2,0,CSE,Not Placed,
6.01,94,50.94,72.25,69.8,2,5,6.56,6.77,0,2,0,ECE,Placed,6.01
7.25,93,75.85,72.35,75.52,1,5,5.75,6.52,0,2,0,EE,Placed,5.47
7.14,80,84.34,70.36,64.2,2,3,6.81,9.13,1,1,0,ME,Placed,4.61
5.91,106,59.94,65.86,69.12,0,2,3.26,3.1,1,0,0,CSE,Not Placed,
5.09,94,73.37,66.46,73.29,0,2,6.54,,1,0,14,CSE,Not Placed,
6.5,99,85.28,67.74,87.17,2,1,10.0,7.47,0,1,0,IT,Not Placed,
7.73,109,68.43,70.36,67.5,0,5,4.75,,1,2,36,ECE,Not Placed,
8.06,122,84.11,85.2,84.65,1,2,6.1,8.01,1,1,0,CSE,Placed,7.62
7.98,120,93.36,68.5,69.08,2,0,7.73,8.16,0,1,0,CE,Placed,7.09
5.09,100,81.87,68.62,78.89,1,0,7.44,5.74,0,2,0,ECE,Not Placed,
5.88,74,70.22,62.99,83.21,0,2,3.61,5.33,0,2,0,IT,Not Placed,
7.29,71,66.71,75.43,86.75,2,4,5.45,6.72,0,0,1,CE,Placed,7.9
6.76,134,68.47,73.68,54.79,1,2,7.75,6.67,0,1,1,ECE,Not Placed,
5.5,88,81.0,72.59,65.95,1,3,7.45,4.71,0,0,0,CSE,Not Placed,
6.29,103,93.79,66.02,65.64,1,1,5.33,6.02,1,0,0,CSE,Not Placed,
6.12,86,85.68,94.83,71.0,1,1,5.53,6.9,0,0,0,ECE,Placed,4.07
6.6,115,66.55,70.12,55.23,2,1,5.23,8.7,0,1,0,CSE,Placed,6.87
6.58,100,65.05,70.82,67.58,0,2,4.27,4.96,2,1,0,ME,Not Placed,
7.75,123,75.87,61.26,55.43,2,1,8.21,7.42,1,1,0,EE,Placed,9.54
9.02,80,73.05,73.41,79.6,1,0,2.96,5.48,1,1,0,ECE,Not Placed,
4.89,98,75.37,59.75,78.0,2,3,4.59,8.55,0,4,0,CSE,Placed,4.72
7.52,101,94.09,73.04,63.19,2,1,8.45,4.75,0,1,0,IT,Placed,7.58
6.33,92,57.89,57.13,74.73,1,6,4.31,4.97,1,0,0,CSE,Not Placed,
6.55,101,83.1,47.77,76.42,2,1,9.4,6.98,0,1,8,EE,Placed,6.12
7.65,103,75.65,75.07,75.78,0,3,6.27,7.97,0,0,0,CSE,Placed,8.54
8.31,89,87.75,58.12,82.51,1,3,6.54,2.73,0,3,0,ECE,Placed,9.23
4.83,94,68.66,69.43,69.69,3,2,8.04,7.64,2,0,0,CSE,Not Placed,
8.32,105,73.82,63.02,75.22,1,3,3.94,7.13,1,0,0,CSE,Placed,5.78
7.35,105,91.75,51.66,70.16,1,2,1.49,7.9,1,0,0,CE,Not Placed,
6.13,109,89.7,66.86,65.67,0,2,5.28,5.24,0,0,8,CSE,Not Placed,
5.82,103,59.23,91.48,60.35,1,1,6.58,5.16,0,2,0,IT,Not Placed,
7.73,105,80.51,82.16,77.29,2,6,8.86,6.55,0,4,0,EE,Placed,8.17
8.55,120,86.26,74.85,77.33,1,6,9.94,7.31,1,1,0,EE,Placed,9.84
4.53,117,67.67,90.41,67.03,1,0,6.03,,1,0,10,ME,Not Placed,
5.49,88,88.78,76.5,62.01,0,3,5.99,7.75,1,0,0,ECE,Not Placed,
7.23,102,69.69,80.69,72.46,0,2,6.01,8.41,1,1,5,IT,Not Placed,
5.54,107,68.5,81.61,67.77,0,6,6.19,5.3,0,1,0,ECE,Not Placed,
5.38,95,95.22,80.31,61.75,1,4,7.07,5.74,2,0,6,ME,Not Placed,
7.27,89,77.68,77.29,66.43,1,4,5.93,8.7,2,1,0,IT,Not Placed,
6.82,108,68.95,74.33,80.13,1,3,3.23,4.81,2,1,0,CSE,Placed,3.79
6.34,134,67.54,62.22,76.21,0,6,7.19,4.79,0,1,0,EE,Placed,6.05
5.8,95,77.8,82.33,65.09,2,3,4.74,5.76,0,0,0,CSE,Not Placed,
8.49,106,72.28,71.99,67.13,3,5,6.92,6.85,0,1,0,ME,Placed,8.13
5.92,74,66.15,71.73,65.77,1,0,3.88,3.93,0,1,0,ME,Not Placed,
5.37,85,100.0,56.07,73.96,1,2,8.27,10.0,0,3,0,CSE,Placed,6.33
5.89,116,94.88,58.53,63.01,3,3,5.31,2.81,1,2,0,ME,Not Placed,
7.49,108,87.7,69.44,71.94,0,4,8.37,6.65,1,1,0,ME,Not Placed,
7.14,101,74.72,68.04,79.94,0,2,4.72,5.74,2,0,0,ME,Not Placed,
5.6,84,78.39,87.33,77.8,3,3,6.45,6.52,0,2,0,CSE,Placed,7.65
6.39,124,71.52,60.89,70.68,2,2,6.74,6.7,0,0,0,CSE,Placed,6.9
7.72,117,96.62,68.92,74.29,1,3,9.99,6.87,3,1,0,ECE,Not Placed,
8.63,130,77.87,72.66,60.7,1,1,3.94,5.05,1,1,0,ME,Placed,6.47
6.73,99,75.97,68.88,67.55,1,4,7.06,5.65,1,1,0,ECE,Not Placed,
7.9,88,72.2,76.46,74.46,3,3,3.99,5.23,3,1,0,IT,Placed,6.9
5.58,101,56.76,57.79,62.82,1,1,5.78,6.63,0,1,19,EE,Not Placed,
6.03,115,88.26,42.37,65.33,1,2,6.22,5.02,0,0,0,CSE,Not Placed,
7.49,93,78.64,90.7,71.28,2,3,8.11,4.79,1,1,0,EE,Not Placed,
7.77,86,67.94,85.25,88.39,5,1,3.75,2.62,0,0,2,CSE,Placed,7.41
7.35,82,84.22,61.56,75.05,3,2,7.15,2.15,0,2,0,CSE,Not Placed,
6.66,106,74.82,82.29,68.46,4,4,6.39,4.12,0,1,0,IT,Placed,6.92
8.62,120,80.51,77.83,68.1,3,3,9.63,9.93,1,1,0,CSE,Placed,8.92
7.73,106,78.16,64.0,73.37,1,3,5.84,8.82,3,0,0,CSE,Placed,5.85
5.77,99,77.35,79.93,66.43,2,3,8.43,3.56,2,3,0,EE,Not Placed,
7.18,93,92.2,94.13,52.32,0,1,10.0,2.11,0,1,0,ECE,Not Placed,
8.64,93,67.48,67.65,70.54,2,2,8.11,4.78,2,1,1,CE,Placed,7.63
9.08,103,62.53,74.27,65.67,1,1,3.8,0.31,0,0,0,CE,Not Placed,
6.36,95,73.38,59.99,77.99,1,3,0.78,4.03,0,2,0,CE,Not Placed,
8.19,75,90.8,75.61,60.22,3,5,5.74,5.7,0,0,0,CE,Placed,6.29
7.37,102,60.6,73.18,78.84,1,5,7.62,5.62,3,0,0,EE,Not Placed,
5.8,101,91.8,79.3,77.91,0,2,6.66,5.32,1,0,0,CSE,Not Placed,
6.68,78,76.74,70.8,65.98,2,2,3.73,8.15,1,0,0,EE,Not Placed,
6.76,88,77.93,82.89,70.71,1,6,5.46,6.05,0,1,0,ECE,Placed,6.71
6.46,84,65.02,60.01,71.86,0,3,3.91,8.35,0,1,0,ECE,Not Placed,
7.14,90,89.31,73.79,94.94,0,1,7.15,7.45,0,1,0,ME,Not Placed,
6.69,101,77.51,80.86,64.17,5,4,4.35,6.59,2,0,0,CSE,Not Placed,
7.08,79,83.26,72.14,64.72,1,5,7.16,3.65,1,3,0,CSE,Placed,7.03
9.5,113,67.35,74.58,83.13,4,5,6.12,5.65,0,1,0,IT,Placed,11.15
6.3,128,72.78,100.0,76.02,1,4,5.75,3.44,1,1,0,ECE,Not Placed,
7.45,111,72.26,62.52,73.77,1,3,4.89,6.42,0,1,0,IT,Not Placed,
7.78,104,72.87,96.12,78.22,0,4,6.26,3.86,0,3,0,CSE,Not Placed,
5.25,121,78.49,57.49,82.25,1,2,2.24,5.04,0,0,0,ECE,Not Placed,
7.61,109,74.56,72.93,73.32,0,4,6.3,6.97,0,0,0,ME,Not Placed,
6.02,142,77.51,63.32,73.44,1,2,6.34,7.26,1,0,0,EE,Not Placed,
6.79,87,68.37,65.93,89.15,0,2,2.29,6.93,1,0,0,ECE,Not Placed,
8.07,99,92.71,67.63,71.98,2,2,6.28,4.59,0,0,0,IT,Placed,9.96
8.56,111,91.51,83.73,79.63,3,0,3.59,7.8,0,0,0,ME,Placed,8.19
5.89,91,70.77,80.86,65.91,3,5,1.72,4.06,1,3,0,CSE,Not Placed,
7.66,74,76.05,89.21,79.53,3,0,9.07,8.55,1,3,7,ME,Placed,6.37
6.16,104,77.31,74.97,63.7,2,1,5.11,6.34,1,1,0,ECE,Not Placed,
5.23,107,76.59,84.95,73.76,1,2,7.77,3.5,1,0,0,CSE,Not Placed,
7.18,90,56.07,48.7,78.43,0,1,5.2,6.17,0,0,0,IT,Not Placed,
7.07,99,70.05,67.77,70.37,1,1,7.57,4.26,2,1,0,CE,Not Placed,
6.52,105,76.6,69.47,76.7,1,1,4.99,3.82,1,0,4,ME,Not Placed,
7.62,83,76.95,56.71,66.11,1,2,6.55,6.05,0,1,0,CE,Placed,6.23
5.84,124,82.79,61.7,83.99,2,1,6.96,5.46,0,2,0,ME,Not Placed,
7.53,99,87.51,82.95,65.85,2,4,10.0,5.6,2,2,0,IT,Placed,9.81
9.11,106,85.56,84.58,75.88,1,5,2.57,5.8,1,0,0,ME,Not Placed,
6.15,70,71.81,87.24,79.01,3,1,6.61,8.07,1,2,0,CSE,Not Placed,
7.01,84,63.99,59.62,61.62,1,8,5.5,6.78,2,0,0,CSE,Not Placed,
7.46,79,75.7,87.79,58.95,0,0,6.22,9.76,2,1,1,CE,Not Placed,
5.05,103,64.47,66.53,68.41,3,1,3.18,7.23,0,0,0,CE,Not Placed,
7.11,117,94.18,70.65,63.79,1,0,7.78,3.66,2,1,0,ECE,Placed,9.29
7.29,94,56.44,73.28,86.85,2,5,4.77,5.51,0,0,0,IT,Placed,5.24
7.64,83,85.48,69.19,67.13,1,3,6.29,,0,1,0,IT,Placed,7.82
6.27,96,90.36,68.68,80.56,2,4,5.64,5.54,2,0,0,CSE,Not Placed,
6.65,104,83.83,66.12,78.42,0,0,6.25,7.48,0,2,0,CSE,Placed,5.5
7.32,76,79.1,58.42,75.8,2,2,6.18,7.89,2,1,0,IT,Not Placed,
5.22,120,65.17,55.34,84.29,0,1,3.76,3.8,0,0,0,ECE,Not Placed,
9.24,74,76.74,70.34,88.24,0,3,5.08,6.28,1,1,1,EE,Placed,6.24
6.17,121,82.0,70.7,66.48,0,1,6.36,3.44,0,2,0,CSE,Placed,6.67
7.96,104,72.72,79.25,74.62,0,1,5.87,10.0,1,0,0,ECE,Placed,7.15
6.43,94,75.65,90.95,70.57,0,3,5.17,4.34,1,1,0,EE,Not Placed,
7.09,90,72.75,71.78,68.85,1,2,7.38,7.2,0,0,1,CSE,Placed,6.8
7.38,97,76.77,78.87,66.6,0,3,4.35,5.43,1,1,0,ECE,Placed,4.07
6.6,100,82.44,60.94,49.35,0,5,5.76,6.8,0,3,12,CSE,Placed,4.82
7.49,108,87.7,69.44,71.94,0,4,8.37,6.65,1,1,0,ME,Not Placed,
6.49,101,76.54,74.18,85.22,2,1,8.02,6.93,0,0,0,CSE,Placed,7.18
6.79,130,84.09,74.0,60.73,2,3,2.19,8.64,2,0,0,CSE,Not Placed,
6.38,108,71.52,74.67,69.86,0,3,5.49,5.08,0,3,0,ME,Not Placed,
6.53,100,98.55,64.26,83.26,1,1,4.94,3.71,0,1,0,CSE,Not Placed,
8.42,108,70.71,60.33,77.33,0,7,6.97,7.23,1,0,0,IT,Placed,8.14
6.57,101,61.39,80.47,73.01,2,0,6.78,8.45,0,1,0,CSE,Placed,6.36
8.47,95,88.72,79.63,63.1,0,1,5.82,6.69,0,1,0,ECE,Not Placed,
7.99,119,81.01,79.99,67.86,1,8,6.0,8.45,1,3,0,ECE,Not Placed,
5.51,70,82.18,76.62,73.49,2,2,5.61,8.95,1,2,0,CSE,Not Placed,
6.56,87,72.9,66.37,66.83,0,1,8.53,10.0,0,0,0,IT,Placed,7.9
7.65,109,82.23,97.52,76.58,3,2,8.21,4.15,1,1,0,CSE,Placed,10.19
7.68,108,90.11,66.7,87.36,2,2,5.9,6.56,0,1,8,CE,Not Placed,
6.3,102,63.42,69.41,80.52,0,4,10.0,8.91,0,0,0,EE,Placed,4.6
5.37,109,83.25,67.73,84.79,1,5,5.85,9.31,0,1,0,CSE,Placed,4.26
6.14,84,74.18,76.6,72.24,1,1,3.95,7.15,1,2,0,CSE,Not Placed,
8.77,111,81.39,82.32,76.8,2,3,8.23,10.0,0,1,0,ME,Placed,6.56
8.35,113,66.21,72.0,68.07,1,2,4.96,6.69,1,0,13,ME,Placed,5.87
5.72,78,93.52,53.76,93.01,1,4,5.66,6.83,0,1,0,CE,Not Placed,
7.49,112,62.17,64.61,63.33,2,0,5.78,3.36,0,0,0,CE,Not Placed,
7.1,115,74.58,74.57,78.24,0,2,4.7,6.53,2,1,0,ME,Not Placed,
5.68,70,81.35,75.5,65.11,2,0,2.47,6.61,0,0,2,ECE,Not Placed,
6.82,84,74.49,56.55,80.76,0,1,2.62,7.95,2,3,0,ECE,Not Placed,
6.1,106,59.97,80.66,74.58,4,4,7.01,6.64,2,2,0,CSE,Placed,7.6
7.4,94,70.6,45.79,80.55,1,8,3.57,4.85,1,1,0,CE,Placed,6.99
6.28,96,85.84,84.93,67.46,2,2,8.98,6.37,0,1,0,CSE,Not Placed,
7.74,97,53.31,71.63,86.82,1,3,3.79,3.66,0,0,0,CSE,Not Placed,
6.68,70,93.91,74.03,73.5,1,2,5.4,7.34,0,0,1,CSE,Placed,5.5
7.18,103,80.66,92.43,72.33,0,1,0.49,8.39,0,2,0,CSE,Not Placed,
7.37,83,67.93,58.46,77.77,2,3,6.19,6.86,1,0,2,ECE,Placed,7.45
6.99,125,65.73,69.23,74.81,0,3,6.56,4.92,1,1,0,CE,Not Placed,
8.02,87,84.7,66.23,72.07,2,4,3.14,5.06,0,2,0,EE,Not Placed,
8.07,95,89.01,81.39,69.86,2,1,6.15,4.21,0,1,0,CSE,Placed,7.39
7.26,89,67.18,81.64,66.33,0,3,7.91,7.27,0,0,0,ECE,Placed,4.94
6.6,123,75.1,77.33,83.26,1,2,2.61,5.78,0,1,0,EE,Not Placed,
6.63,96,72.22,96.06,74.97,2,1,6.74,5.77,0,3,13,CSE,Not Placed,
7.07,121,76.42,67.65,73.2,0,1,7.33,5.99,1,0,0,EE,Placed,6.69
4.68,111,59.62,76.86,66.29,1,5,8.8,7.53,2,1,0,ECE,Not Placed,
6.25,110,83.93,79.92,83.61,2,0,5.79,6.61,1,0,0,IT,Placed,5.15
4.87,94,100.0,67.33,66.87,1,1,4.35,4.01,0,1,0,CSE,Not Placed,
6.42,95,89.21,79.59,76.96,1,2,3.74,6.61,0,1,0,CE,Not Placed,
7.75,113,86.31,79.19,79.91,0,2,3.81,7.1,0,2,0,CE,Placed,5.04
5.88,104,77.54,75.52,68.12,0,2,2.85,6.12,0,1,12,ECE,Not Placed,
5.72,75,81.45,69.91,83.11,0,3,6.09,3.02,1,1,0,ME,Not Placed,
5.94,97,78.71,72.59,67.6,0,0,4.94,8.4,0,4,0,ECE,Placed,4.06
8.19,78,79.94,72.75,84.97,0,1,5.97,4.74,1,1,0,IT,Placed,8.89
7.12,115,75.32,85.3,74.95,2,1,10.0,5.9,0,2,0,EE,Placed,9.21
6.55,90,73.46,76.69,64.9,0,1,3.63,6.24,1,2,2,IT,Not Placed,
7.41,92,76.3,75.76,71.23,0,3,4.03,6.27,1,2,0,EE,Not Placed,
7.13,112,88.38,70.37,62.78,0,2,6.12,6.3,1,2,0,CSE,Placed,5.78
7.62,90,68.63,58.64,61.77,1,2,8.27,5.04,1,1,0,IT,Not Placed,
8.36,131,59.85,70.7,70.2,0,1,6.37,6.63,1,3,0,CSE,Placed,9.03
6.61,100,82.99,64.29,78.88,5,0,3.87,6.97,0,1,0,CE,Placed,5.4
7.42,97,83.44,78.04,64.82,2,5,6.0,5.9,1,1,0,ECE,Placed,8.26
6.23,115,71.07,69.96,63.51,1,6,6.8,6.81,0,0,15,CE,Placed,5.98
6.11,107,60.57,70.74,71.14,3,2,7.67,4.08,0,2,0,CSE,Placed,9.53
6.16,114,85.44,73.2,67.3,1,2,4.04,8.53,1,1,1,CE,Not Placed,
8.51,115,94.73,74.96,68.64,1,2,9.17,5.65,1,0,0,CSE,Placed,12.0
8.06,118,73.57,72.8,72.05,2,2,4.32,7.7,0,1,0,ECE,Placed,6.72
9.03,114,80.04,87.53,67.06,4,3,4.62,5.65,0,0,0,CE,Placed,7.27
5.64,105,63.45,83.66,73.59,0,1,6.26,5.03,2,1,0,CSE,Not Placed,
8.15,103,83.07,80.16,61.09,1,4,5.02,7.55,0,1,0,ECE,Placed,7.09
8.65,108,69.56,80.37,77.88,3,3,9.6,4.62,1,0,0,ME,Placed,8.35
7.42,70,96.46,69.31,73.89,4,3,4.09,7.33,0,2,0,ECE,Placed,5.8
8.42,108,77.34,75.07,83.77,1,1,5.37,6.15,0,0,0,CSE,Not Placed,
5.25,107,83.54,81.71,86.69,2,2,4.9,8.21,0,0,1,ECE,Not Placed,
7.02,87,58.04,57.05,60.89,3,2,6.74,5.53,0,1,13,ECE,Placed,8.8
6.81,82,61.97,65.96,63.13,0,2,8.63,8.29,1,0,0,EE,Not Placed,
6.74,105,73.28,65.66,88.89,1,3,7.32,5.91,0,1,0,CE,Not Placed,
7.84,106,81.74,60.97,72.63,0,5,5.81,4.99,0,0,0,EE,Placed,7.99
5.66,85,83.54,78.49,75.95,0,2,9.17,3.94,0,3,0,CE,Placed,6.77
5.83,84,77.93,56.43,72.45,1,2,7.17,6.66,0,0,0,CE,Not Placed,
6.12,70,65.7,83.47,68.09,0,3,10.0,3.1,0,4,0,ECE,Placed,6.16
5.95,126,59.65,46.25,86.18,2,2,6.78,8.86,0,1,5,CSE,Placed,4.97
7.36,112,77.45,72.22,73.31,0,2,5.39,7.04,3,1,0,EE,Not Placed,
6.59,99,79.12,85.49,79.26,0,0,6.44,4.16,0,1,0,CSE,Not Placed,
6.03,113,85.65,91.41,88.04,1,2,3.71,6.58,0,1,0,ECE,Not Placed,
6.9,107,72.52,82.87,76.73,1,0,4.18,7.65,0,1,1,ECE,Not Placed,
6.04,117,89.36,67.56,67.23,0,2,6.65,4.79,0,0,0,CE,Not Placed,
6.22,98,73.85,78.63,73.66,2,1,6.47,5.54,1,0,0,IT,Not Placed,
7.0,91,70.8,67.18,70.82,1,1,7.78,4.78,1,2,0,ME,Not Placed,
6.68,101,79.62,82.53,81.62,0,3,6.02,3.13,2,1,0,IT,Not Placed,
6.11,93,77.1,77.82,63.71,0,5,4.58,4.17,0,2,0,CSE,Placed,5.78
7.58,106,79.14,79.35,66.96,0,1,4.64,6.13,1,1,0,CSE,Not Placed,
6.44,95,74.39,74.08,62.33,2,2,7.03,4.04,1,0,9,CSE,Placed,6.96
4.76,113,87.95,63.71,79.47,3,1,7.57,3.67,1,2,0,ECE,Not Placed,
7.31,80,74.07,73.85,62.29,0,2,9.29,7.15,0,0,0,EE,Placed,8.39
7.41,101,81.83,90.9,62.51,0,4,4.47,4.73,0,1,0,IT,Not Placed,
7.96,70,71.1,85.97,74.36,0,3,7.71,7.51,0,0,0,ECE,Placed,4.59
8.85,84,82.2,73.81,66.16,0,2,7.58,6.07,1,3,0,IT,Placed,10.01
8.62,86,78.09,68.89,60.92,0,2,9.19,6.48,0,0,12,ME,Placed,10.13
7.41,123,64.03,62.55,57.82,0,8,5.64,5.96,0,0,0,IT,Placed,7.89
5.71,103,79.33,80.53,74.08,0,3,6.51,4.81,4,2,0,ECE,Not Placed,
7.19,90,67.56,80.05,70.25,0,2,3.78,6.56,0,1,15,CE,Not Placed,
5.77,98,87.61,76.36,74.27,0,1,2.98,7.26,0,1,0,CSE,Not Placed,
7.32,119,79.36,77.83,66.72,1,3,7.72,5.1,0,2,0,ECE,Placed,6.75
6.67,99,73.93,75.64,77.84,0,2,7.95,,1,0,0,IT,Not Placed,
7.2,129,75.84,83.48,64.16,1,3,6.2,6.98,0,0,0,IT,Placed,3.54
6.57,127,72.74,74.22,76.36,1,0,3.24,7.21,0,1,0,ECE,Not Placed,
8.68,115,72.71,71.14,61.83,2,4,5.5,6.35,0,0,0,EE,Not Placed,
4.89,80,86.6,62.36,69.84,1,1,8.49,5.84,0,1,0,IT,Placed,6.47
7.05,137,89.03,83.53,62.03,0,4,3.92,6.1,1,0,0,EE,Not Placed,
5.1,94,78.96,84.55,72.59,5,3,3.91,9.79,1,0,0,CSE,Not Placed,
9.69,92,97.65,74.89,69.64,1,1,5.8,6.05,1,2,0,ECE,Placed,8.99
6.87,109,95.58,80.52,78.51,1,2,2.56,10.0,2,2,0,ME,Not Placed,
6.42,84,92.9,73.78,73.23,0,1,9.67,4.76,0,0,0,ME,Not Placed,
7.2,82,72.53,69.97,74.91,1,2,5.83,5.69,0,0,0,CSE,Placed,7.32
4.37,113,75.66,98.52,76.03,3,3,7.78,5.0,0,0,0,CSE,Not Placed,
8.59,99,77.14,76.53,62.84,1,1,3.95,5.13,0,1,0,CSE,Not Placed,
8.61,100,81.47,72.94,87.06,1,0,8.09,5.4,1,3,0,EE,Placed,6.62
7.74,96,93.66,66.95,65.25,0,3,3.06,5.65,0,2,0,CSE,Placed,4.65
7.89,112,73.22,76.87,56.24,3,5,10.0,5.56,0,2,0,ECE,Placed,11.04
7.15,109,70.27,83.16,77.81,2,4,4.64,4.95,0,1,0,ECE,Not Placed,
6.73,97,70.29,87.33,63.53,1,1,2.63,6.98,0,0,0,IT,Not Placed,
5.81,89,88.51,61.59,82.72,2,1,7.76,7.08,0,1,0,ME,Placed,4.03
7.05,95,60.38,77.33,83.79,1,3,4.96,7.11,1,2,1,ME,Placed,5.65
7.33,103,73.22,80.65,64.62,2,2,4.6,6.71,0,0,0,CSE,Placed,5.66
7.46,97,94.75,80.21,76.72,0,2,7.15,9.23,1,0,0,CSE,Not Placed,
5.81,127,63.45,85.03,73.27,0,7,9.67,6.41,1,0,0,ECE,Placed,6.12
6.05,87,81.26,75.97,78.78,1,3,3.31,9.72,1,1,0,IT,Not Placed,
6.74,108,79.86,67.76,59.65,1,4,5.08,5.9,0,1,0,CSE,Not Placed,
6.16,73,57.32,77.38,65.55,1,5,5.13,3.03,0,2,0,ME,Not Placed,
6.77,88,68.08,81.48,69.75,1,3,6.43,5.65,1,2,0,CE,Not Placed,
7.42,105,84.12,56.22,72.08,1,2,5.58,9.26,0,0,0,CSE,Placed,7.04
8.8,77,76.69,75.27,69.95,2,2,4.94,5.97,0,1,5,CSE,Placed,8.8
6.23,113,88.75,75.23,75.19,2,4,9.91,6.5,0,1,0,CSE,Placed,7.2
8.5,108,75.36,79.7,76.24,1,1,7.74,1.66,0,1,0,IT,Not Placed,
6.9,89,82.61,84.18,79.11,2,1,4.88,6.92,0,0,0,CE,Placed,5.61
6.29,95,84.29,85.41,62.96,2,5,4.51,6.39,0,0,0,CSE,Placed,6.57
7.1,96,72.25,77.5,76.62,1,2,5.4,7.42,0,0,0,CSE,Placed,7.24
6.28,108,81.3,82.77,82.87,1,3,7.74,8.25,1,2,4,ME,Not Placed,
6.32,105,89.04,61.15,73.54,1,1,6.69,3.59,3,0,0,ME,Not Placed,
6.87,111,73.65,72.71,71.82,2,3,7.8,3.82,0,2,0,ME,Not Placed,
7.46,88,78.74,60.46,63.98,0,1,7.3,7.9,1,1,0,ME,Placed,6.98
7.24,89,64.48,69.96,67.33,1,3,4.77,9.67,0,1,0,ECE,Placed,3.52
6.7,111,77.58,65.76,76.78,3,1,4.36,7.49,0,0,0,CSE,Not Placed,
5.93,111,92.63,65.17,55.4,1,1,9.33,5.89,0,1,1,ME,Not Placed,
7.87,106,78.01,78.0,73.46,2,3,3.83,4.71,0,2,13,ECE,Placed,7.11
6.63,116,86.68,93.51,69.14,3,2,7.94,6.01,0,0,0,IT,Not Placed,
7.08,125,84.22,72.88,78.37,2,4,2.52,2.01,1,0,0,IT,Placed,6.93
6.77,87,76.35,,78.56,1,2,9.13,7.0,2,2,0,IT,Placed,6.37
5.81,91,98.47,81.06,67.53,2,1,7.63,3.97,1,0,0,ECE,Not Placed,
8.98,86,66.46,77.72,91.87,0,2,6.4,7.67,2,0,0,CE,Not Placed,
7.33,124,77.17,88.05,85.86,0,2,7.46,9.43,1,1,0,IT,Placed,6.58
6.64,115,67.2,74.34,84.84,1,2,7.96,4.44,2,0,0,EE,Not Placed,
6.94,103,64.69,78.36,58.81,2,0,4.57,6.21,0,2,0,EE,Not Placed,
6.91,97,70.81,69.53,69.7,2,3,9.76,6.13,1,0,0,ME,Placed,8.15
6.74,93,67.07,91.26,77.39,2,2,7.19,5.44,0,0,0,ECE,Placed,6.36
5.99,83,61.26,79.74,80.67,0,1,8.39,4.42,0,0,0,CSE,Not Placed,
7.37,131,82.85,60.17,66.8,4,1,7.95,1.81,0,2,0,CE,Placed,6.66
7.36,103,47.84,67.12,63.55,2,2,7.11,5.52,1,0,0,IT,Not Placed,
5.68,93,67.27,71.06,68.28,3,2,6.1,5.06,2,2,0,EE,Not Placed,
7.26,106,73.79,,91.49,1,5,6.79,6.65,2,0,0,ECE,Not Placed,
7.98,95,57.77,,69.85,1,6,5.07,5.64,1,1,9,ECE,Placed,7.67
7.14,120,95.23,72.25,68.25,1,0,7.21,10.0,0,0,0,IT,Not Placed,
7.04,99,70.1,72.48,75.93,2,4,6.09,4.21,1,2,0,ECE,Not Placed,
5.28,111,73.29,82.29,57.18,0,2,4.5,6.2,0,0,0,CSE,Not Placed,
4.84,124,74.4,76.41,69.29,1,5,5.49,3.76,0,0,0,CE,Not Placed,
7.16,105,76.92,70.31,74.89,3,1,3.36,5.16,0,0,0,ECE,Not Placed,
9.03,117,81.18,61.41,71.18,1,2,4.84,6.21,1,1,0,ECE,Placed,8.31
6.72,97,72.54,68.14,66.75,5,2,5.89,5.67,0,0,0,ECE,Placed,8.37
7.53,109,82.67,85.57,75.23,2,6,5.23,4.04,0,1,0,ME,Placed,7.32
5.78,117,65.86,91.21,76.4,3,6,3.36,8.59,1,1,0,IT,Placed,4.99
6.3,101,85.2,84.56,69.3,1,0,5.65,5.32,0,0,0,CE,Not Placed,
10.0,89,83.55,86.24,72.1,2,1,3.63,6.46,1,1,0,CSE,Placed,9.6
8.58,95,75.63,58.54,68.92,2,3,9.08,5.65,0,2,0,ME,Placed,7.98
8.1,104,78.73,61.0,62.94,1,0,7.4,8.31,0,1,0,CE,Placed,5.0
9.63,76,70.11,77.4,71.91,2,3,7.2,5.02,0,2,0,IT,Placed,11.23
7.43,97,76.9,83.8,83.72,0,2,1.83,5.72,0,0,0,ME,Placed,4.56
5.52,87,100.0,70.1,55.18,0,1,6.13,4.86,1,0,5,CSE,Not Placed,
8.58,118,67.94,61.79,71.08,1,2,4.87,4.71,0,0,3,ECE,Placed,7.65
6.03,92,78.96,64.18,67.26,1,2,8.55,6.34,1,2,0,CSE,Not Placed,
6.93,104,63.39,76.76,78.34,0,3,3.84,4.43,0,1,0,IT,Not Placed,
7.42,99,82.19,77.04,86.25,1,2,4.98,4.85,0,0,0,ME,Placed,6.61
7.97,106,88.64,68.72,71.57,0,2,8.93,5.72,0,0,0,ECE,Placed,8.81
7.1,93,64.36,70.26,77.63,1,4,5.51,6.8,0,2,0,CSE,Placed,6.41
6.4,117,74.62,88.83,73.65,1,1,8.09,6.1,0,1,5,ME,Placed,4.85
4.0,102,73.22,62.91,67.15,4,2,5.89,4.78,0,0,0,CSE,Not Placed,
7.65,97,82.72,81.33,72.84,0,3,5.12,6.7,1,0,0,ECE,Not Placed,
6.1,105,69.92,67.84,74.96,2,1,5.71,6.16,1,0,0,EE,Not Placed,
7.56,96,66.94,66.84,66.01,2,2,3.66,4.93,0,1,0,CSE,Not Placed,
7.01,101,58.14,66.15,78.16,3,2,8.94,3.92,1,3,0,EE,Not Placed,
6.28,108,78.36,71.92,73.25,2,3,3.6,6.41,0,1,0,CSE,Not Placed,
7.55,124,70.74,,85.47,0,1,9.38,4.59,2,0,0,CE,Not Placed,
6.94,86,94.86,89.63,65.89,3,6,5.16,10.0,0,2,0,IT,Placed,6.1
6.83,99,88.76,71.45,73.47,1,1,6.58,7.87,0,2,4,ECE,Placed,7.66
5.77,84,80.82,65.76,86.64,2,2,6.46,4.46,0,0,1,EE,Placed,4.27
6.72,129,84.71,91.23,70.03,2,3,4.67,7.56,1,0,0,ME,Not Placed,
8.69,81,83.66,70.02,74.17,3,1,6.41,,0,1,0,ECE,Placed,8.77
5.45,123,89.46,79.95,72.3,2,3,5.78,9.49,0,0,0,ECE,Placed,3.48
8.78,78,68.15,70.29,56.58,2,1,0.0,4.97,0,1,0,ECE,Placed,5.85
5.46,83,66.88,82.95,69.11,2,2,6.61,6.63,0,3,7,CSE,Not Placed,
8.07,103,66.37,81.95,91.83,0,2,6.08,4.67,1,1,0,CSE,Placed,6.37
6.57,96,72.01,72.75,67.03,0,1,1.7,5.9,0,0,0,CSE,Not Placed,
7.82,100,63.73,72.89,69.49,1,4,4.29,6.9,2,3,1,CSE,Placed,7.27
5.69,117,62.02,81.32,76.09,1,2,5.23,7.18,0,1,0,EE,Placed,5.38
7.4,112,71.74,79.39,66.3,0,4,6.95,7.78,0,1,0,ME,Placed,6.79
8.39,99,86.51,77.22,76.4,0,4,3.69,1.85,0,1,0,CE,Placed,4.79
7.54,111,64.27,78.44,70.14,3,1,6.35,5.93,1,1,0,CSE,Not Placed,
7.01,88,67.0,92.56,69.39,0,2,5.27,,1,0,0,CSE,Not Placed,
6.43,74,76.87,81.53,70.67,0,1,7.2,4.86,0,2,0,CSE,Not Placed,
5.85,103,79.52,66.86,62.01,0,4,6.63,6.28,0,3,0,ECE,Not Placed,
6.3,89,90.86,80.95,72.34,3,4,6.26,7.88,2,0,0,ME,Placed,6.88
7.56,108,75.38,78.72,79.9,0,3,4.04,5.03,0,1,0,IT,Not Placed,
7.9,103,92.37,65.67,64.08,4,3,7.69,6.37,0,0,0,EE,Placed,6.68
6.39,79,74.26,77.83,69.85,3,3,6.14,7.23,1,0,9,IT,Not Placed,
5.77,109,81.95,78.07,69.6,1,2,5.26,6.98,1,0,2,EE,Not Placed,
8.43,111,74.54,73.46,73.48,0,3,3.68,7.14,0,2,10,CSE,Placed,8.88
5.62,90,66.29,76.09,67.78,2,2,6.49,3.07,1,1,0,EE,Not Placed,
5.81,109,67.59,76.39,76.81,2,6,3.26,,0,1,0,IT,Placed,4.76
8.13,74,82.35,79.5,85.76,1,4,6.93,7.46,0,0,0,IT,Placed,8.09
7.88,106,87.65,67.41,63.52,1,2,6.65,6.48,2,0,0,ECE,Not Placed,
6.66,122,79.18,58.15,67.28,0,2,5.85,8.79,0,2,0,EE,Not Placed,
8.68,115,72.71,71.14,61.83,2,4,5.5,6.35,0,0,0,EE,Not Placed,
8.19,97,76.05,70.14,78.77,2,2,5.97,5.68,2,1,0,ECE,Placed,7.14
6.52,80,90.69,84.75,70.53,0,1,6.53,7.02,0,0,0,CE,Not Placed,
7.41,128,82.6,86.31,92.31,3,2,1.65,4.3,0,1,0,CSE,Placed,5.56
6.21,116,65.92,68.77,65.42,2,0,6.54,,2,0,0,IT,Not Placed,
7.42,83,76.81,86.04,73.69,2,2,5.14,5.37,1,1,0,IT,Placed,8.78
7.73,96,70.31,63.31,71.44,0,3,2.97,8.12,1,0,0,ECE,Not Placed,
8.25,88,65.92,71.53,71.44,2,0,3.63,5.18,2,3,0,CE,Not Placed,
7.35,111,75.52,80.79,72.2,2,1,5.28,4.97,0,2,5,ME,Not Placed,
7.45,109,76.43,76.4,85.82,1,1,6.04,6.43,0,3,0,ECE,Placed,7.05
6.69,82,74.26,66.54,77.46,0,2,6.21,5.46,1,0,0,ME,Not Placed,
6.46,105,66.72,58.65,68.37,0,1,10.0,4.26,1,0,0,ME,Not Placed,
4.97,109,66.84,80.79,61.07,0,1,4.91,6.92,1,1,16,CSE,Not Placed,
7.69,107,100.0,71.27,54.79,0,5,5.36,4.29,1,2,0,ME,Not Placed,
7.13,109,92.96,66.9,70.24,3,2,7.41,6.94,0,0,0,CSE,Placed,7.21
8.76,88,73.17,74.3,77.78,2,5,7.04,7.68,0,1,1,IT,Placed,8.15
5.38,70,84.14,70.43,66.61,0,3,4.92,7.01,0,2,0,IT,Not Placed,
5.85,111,89.03,70.71,72.52,3,3,6.15,5.85,3,2,0,ME,Not Placed,
5.08,112,100.0,61.5,74.68,1,5,10.0,7.39,1,0,0,CE,Not Placed,
6.74,110,92.9,85.88,71.34,0,1,1.82,4.76,0,3,0,CSE,Not Placed,
6.24,122,80.87,71.58,74.53,1,3,4.82,4.13,1,1,0,CSE,Placed,5.03
6.97,86,83.88,75.3,78.65,2,4,4.65,3.81,1,1,0,EE,Not Placed,
7.15,108,88.36,62.23,64.19,0,2,9.05,6.38,0,2,0,CSE,Placed,7.83
7.68,132,70.57,82.09,61.31,0,2,6.9,7.24,1,1,0,EE,Placed,6.88
6.19,115,64.38,75.56,81.85,2,1,7.55,3.41,0,5,0,ECE,Not Placed,
6.92,84,73.07,94.25,71.27,2,3,7.22,6.06,0,2,0,CE,Not Placed,
6.93,146,87.91,68.71,73.07,1,5,5.57,7.6,0,1,0,EE,Placed,8.57
6.32,80,77.76,72.84,66.33,1,3,5.12,8.65,0,1,2,EE,Not Placed,
7.56,106,76.4,77.26,67.11,0,3,3.07,7.13,2,0,0,EE,Not Placed,
9.9,105,60.73,63.62,80.8,0,2,4.92,4.09,0,1,0,CSE,Placed,9.48
7.51,120,81.0,75.55,76.13,1,3,4.82,8.16,0,5,0,CSE,Placed,6.77
5.4,72,77.24,81.73,75.28,1,0,3.12,5.9,0,0,0,ECE,Not Placed,
6.14,94,78.59,73.56,74.34,0,3,6.32,5.73,0,1,0,ECE,Not Placed,
8.09,102,90.28,81.39,65.09,0,3,7.4,6.53,1,0,0,CSE,Not Placed,
6.76,117,84.61,56.6,78.55,1,4,7.62,3.11,0,3,0,IT,Not Placed,
7.11,96,93.21,65.82,60.56,5,1,4.45,7.07,1,1,0,IT,Not Placed,
7.4,116,82.55,73.7,84.94,2,2,5.36,4.71,0,0,0,CSE,Placed,6.41
6.9,128,77.4,80.4,59.07,2,4,4.66,7.57,0,1,0,ECE,Placed,6.38
7.74,126,72.73,80.32,65.6,1,2,5.85,7.95,0,1,0,CSE,Not Placed,
7.0,88,75.97,74.61,72.79,1,3,3.06,5.74,0,1,0,ECE,Not Placed,
4.35,109,71.46,93.7,66.16,3,1,2.33,,1,0,0,EE,Not Placed,
7.53,109,73.94,95.88,79.48,1,2,5.77,8.68,1,0,0,IT,Placed,7.13
7.29,80,90.33,74.56,66.18,2,2,6.8,3.36,0,3,0,IT,Not Placed,
6.13,106,95.76,55.33,83.15,3,4,6.81,4.75,2,0,0,ME,Not Placed,
8.9,108,93.71,,73.07,2,1,5.53,5.65,0,0,0,ECE,Placed,6.23
6.25,92,62.55,80.06,63.19,0,3,8.04,5.52,1,2,0,CE,Not Placed,
6.01,106,75.73,67.92,67.71,1,2,5.6,5.56,1,1,0,CE,Not Placed,
7.87,100,81.54,84.18,80.99,0,1,5.15,9.0,0,1,0,IT,Placed,5.2
5.58,92,80.48,,78.3,0,7,9.87,3.83,1,1,0,IT,Not Placed,
6.08,82,67.49,75.13,72.92,3,3,6.71,8.01,0,1,0,ME,Placed,6.15
6.27,77,82.38,58.54,64.59,1,4,4.45,,1,2,0,ECE,Not Placed,
6.54,115,84.05,61.51,87.5,1,0,5.64,5.96,1,2,5,CE,Placed,4.58
5.9,87,68.58,72.98,61.45,5,1,5.57,8.02,0,4,0,CE,Placed,6.3
5.39,93,78.1,79.32,68.72,0,3,5.94,5.92,0,0,0,ME,Placed,2.8
5.35,82,85.58,93.26,76.64,3,1,4.86,8.4,0,1,0,CSE,Not Placed,
5.76,111,88.63,75.79,75.08,1,0,5.76,6.64,0,1,0,ME,Not Placed,
5.23,127,69.24,68.9,76.32,2,3,2.15,6.41,0,3,0,CE,Placed,5.13
5.43,136,79.49,74.01,70.59,0,3,7.66,7.41,1,0,0,CE,Not Placed,
7.36,106,75.9,88.85,74.62,1,2,3.06,7.21,0,0,1,CE,Not Placed,
7.0,121,70.39,83.29,79.08,0,3,6.52,4.49,1,0,0,CSE,Placed,6.33
6.64,109,81.48,68.48,67.7,2,2,5.66,8.1,0,0,0,ME,Placed,6.49
5.72,70,71.49,73.29,74.41,1,3,4.97,6.88,1,0,6,IT,Not Placed,
7.61,100,71.39,83.77,64.57,1,1,7.24,5.28,2,0,0,CSE,Not Placed,
6.59,106,63.39,69.68,73.47,2,6,3.17,10.0,0,1,0,ME,Placed,4.13
9.13,102,63.86,71.3,84.59,1,0,2.99,6.31,0,1,0,IT,Placed,5.75
7.19,103,71.71,96.2,80.93,2,2,5.21,5.47,2,2,0,IT,Placed,5.25
7.06,71,99.22,64.12,70.29,2,1,8.31,4.32,0,1,0,CSE,Placed,9.08
7.17,97,66.04,62.7,79.65,1,2,5.43,8.19,2,1,0,CSE,Not Placed,
6.67,91,76.56,90.19,77.63,2,1,9.93,8.98,0,4,0,IT,Placed,8.78
6.0,109,77.56,74.52,65.79,1,2,2.93,6.33,3,0,0,CSE,Not Placed,
6.84,113,69.02,65.72,93.44,3,0,4.92,,1,0,3,CSE,Placed,7.14
5.52,106,72.14,55.23,87.23,4,5,4.39,5.9,1,1,0,IT,Not Placed,
6.17,120,84.3,71.13,63.74,2,2,6.53,7.07,1,2,0,ME,Placed,6.39
6.42,93,78.52,60.97,60.12,2,2,5.27,7.04,1,0,0,CE,Not Placed,
8.72,98,54.54,61.41,80.47,3,2,4.35,3.35,3,1,0,EE,Not Placed,
6.79,96,74.78,67.18,64.85,1,3,5.42,5.87,1,0,0,CSE,Not Placed,
8.69,79,63.49,66.1,76.93,0,2,7.56,9.01,0,2,0,IT,Placed,9.65
6.52,93,72.88,,83.4,2,1,6.83,6.0,0,1,0,CSE,Placed,7.61
8.01,79,74.69,76.14,69.58,1,3,7.63,6.06,0,2,0,CSE,Placed,8.26
7.49,111,86.13,81.45,66.96,1,2,3.37,6.87,0,1,0,ECE,Not Placed,
5.67,97,90.69,72.39,83.59,0,4,5.9,8.08,0,1,0,EE,Not Placed,
7.01,95,84.28,69.41,79.13,3,2,1.88,6.13,0,2,0,CSE,Not Placed,
7.03,120,65.36,92.95,68.09,3,0,5.33,6.8,1,1,0,CSE,Placed,6.54
5.41,114,68.85,66.26,73.05,1,2,4.18,4.21,0,0,1,ME,Not Placed,
6.47,72,79.32,89.78,73.48,1,2,7.0,3.52,1,2,0,ECE,Not Placed,
7.49,122,77.42,84.84,61.23,1,1,5.19,6.19,1,0,0,CSE,Not Placed,
7.85,119,64.72,55.05,83.29,0,0,8.12,6.81,1,1,0,IT,Placed,7.86
5.86,86,69.99,73.2,66.1,2,3,4.85,5.29,2,2,0,IT,Not Placed,
7.19,121,89.06,70.59,77.42,1,4,6.72,4.09,4,2,0,CSE,Not Placed,
7.25,110,81.5,58.96,70.06,1,2,9.51,6.62,1,2,0,CSE,Placed,9.98
7.06,111,76.99,75.87,60.11,2,6,5.26,9.01,0,1,3,IT,Placed,7.3
6.58,105,72.36,56.06,89.78,1,0,8.66,7.26,0,0,0,CSE,Not Placed,
7.28,106,73.49,81.71,73.44,0,2,8.98,7.99,2,1,0,CSE,Not Placed,
5.05,110,64.98,78.5,62.71,1,4,6.56,6.91,2,1,0,EE,Not Placed,
6.83,89,84.14,79.39,80.53,1,4,5.71,5.4,2,1,0,CSE,Not Placed,
6.84,97,80.57,62.92,79.82,0,6,4.61,6.64,1,0,1,IT,Not Placed,
6.45,78,67.66,68.76,62.97,1,3,3.42,6.29,0,2,0,CE,Not Placed,
5.41,111,65.05,56.11,63.58,0,3,4.5,7.14,0,1,0,ECE,Not Placed,
6.84,77,70.67,85.76,78.1,3,3,7.25,4.09,1,1,0,CSE,Not Placed,
6.44,109,72.86,61.24,70.93,3,1,4.38,7.64,1,4,0,EE,Not Placed,
8.85,80,80.12,63.2,69.1,1,5,2.05,8.32,0,0,0,ECE,Placed,6.77
6.62,117,78.33,88.07,61.35,1,6,5.16,3.97,1,2,0,EE,Placed,5.72
6.68,73,64.49,79.14,69.14,0,2,7.63,6.43,1,2,0,CSE,Placed,4.79
8.96,97,77.36,62.71,64.55,1,0,5.7,8.44,0,2,0,CSE,Placed,7.72
6.37,110,88.46,80.69,80.46,1,1,5.5,6.84,0,1,0,IT,Placed,6.12
6.51,109,90.84,72.39,67.06,1,2,8.1,5.26,0,1,4,CE,Placed,5.06
7.54,125,85.27,68.19,72.41,1,2,5.41,,0,0,0,CSE,Placed,8.07
7.48,110,90.21,66.97,75.03,1,2,2.97,7.12,1,1,0,ME,Placed,4.68
7.78,89,49.66,66.82,69.31,2,3,8.34,5.19,1,3,0,ECE,Placed,5.98
7.45,106,69.31,85.09,66.55,1,4,3.19,6.49,2,3,0,CSE,Not Placed,
7.49,103,87.61,77.77,70.43,4,3,4.79,7.37,1,2,0,CSE,Placed,6.93
6.63,107,60.38,73.7,62.2,1,2,5.05,6.43,2,0,0,CSE,Not Placed,
7.06,116,68.44,64.65,53.15,1,1,4.21,2.1,1,0,0,ECE,Not Placed,
6.09,119,73.02,69.12,67.36,0,3,7.46,6.41,2,1,0,ECE,Not Placed,
7.64,85,90.65,70.87,68.85,0,4,10.0,6.1,2,1,0,EE,Not Placed,
7.29,105,100.0,83.9,71.44,0,0,9.99,5.42,1,1,0,CSE,Placed,8.05
6.02,119,74.31,79.45,57.45,0,1,4.26,8.68,1,0,10,CSE,Not Placed,
9.61,99,89.79,76.16,71.55,0,3,9.09,10.0,2,0,0,ECE,Placed,9.16
7.11,117,89.83,80.67,67.77,1,2,4.65,4.47,0,2,4,CE,Placed,3.7
7.08,84,78.53,62.66,66.34,0,0,7.09,8.06,0,2,0,IT,Placed,8.1
7.05,79,87.22,79.34,76.58,0,7,4.51,8.04,1,1,0,IT,Not Placed,
5.17,76,75.74,68.92,62.49,2,2,8.16,4.58,0,1,0,CSE,Not Placed,
6.5,91,78.61,82.14,69.58,2,4,6.09,8.47,0,1,0,EE,Not Placed,
8.67,92,75.08,93.42,75.71,2,1,7.46,6.42,0,3,0,ECE,Placed,9.67
6.69,77,80.09,87.6,71.17,3,2,9.56,7.4,0,3,0,CSE,Placed,7.32
8.24,102,78.47,81.55,50.76,1,1,5.15,5.97,0,2,0,IT,Placed,8.01
7.07,82,76.64,,74.19,2,1,6.95,5.14,0,0,0,ECE,Placed,7.06
6.65,99,85.78,77.27,78.73,1,4,4.37,6.59,1,0,0,CSE,Not Placed,
9.37,103,69.76,85.37,78.69,1,0,6.61,7.72,2,1,0,EE,Placed,9.22
7.87,105,58.72,70.44,70.35,2,4,3.77,7.59,0,0,0,CE,Placed,6.48
8.25,91,83.31,79.88,54.96,0,3,2.07,4.89,0,0,2,IT,Not Placed,
5.57,99,71.52,59.7,70.54,1,1,5.92,6.11,0,0,0,ECE,Not Placed,
8.88,103,83.25,81.82,75.52,1,0,2.97,7.95,1,0,0,CSE,Placed,6.2
5.8,117,82.59,83.97,69.81,3,2,5.05,5.07,0,1,0,CSE,Placed,7.1
4.0,115,83.66,78.97,78.34,1,3,7.17,5.1,1,1,12,ME,Not Placed,
7.72,104,72.17,76.43,75.01,2,3,2.9,3.49,0,0,0,CSE,Placed,7.84
6.58,70,77.59,62.8,63.76,1,0,7.22,5.67,2,1,0,ECE,Not Placed,
5.47,99,83.25,57.75,72.18,1,1,6.62,5.55,0,2,0,CE,Not Placed,
5.24,128,85.28,77.73,73.34,1,5,5.14,8.25,0,0,0,EE,Placed,2.5
8.51,110,66.1,65.99,73.82,2,3,7.25,4.22,0,1,0,ECE,Placed,7.24
6.09,109,62.73,76.44,75.27,0,3,5.16,8.26,1,4,0,EE,Not Placed,
5.09,105,78.96,67.58,73.22,1,1,6.02,8.05,0,2,0,IT,Placed,3.9
7.19,98,59.28,65.24,80.51,1,0,3.85,8.97,1,1,0,IT,Placed,5.46
7.33,116,75.42,100.0,76.24,2,2,3.33,6.64,1,1,0,CSE,Not Placed,
7.19,75,78.21,77.08,73.03,5,2,4.82,8.0,0,0,0,IT,Placed,8.2
8.74,108,64.91,85.62,68.32,2,1,7.45,1.98,0,0,0,CSE,Placed,9.8
7.91,90,72.97,72.03,80.13,2,2,5.01,8.29,0,2,0,IT,Placed,8.72
6.98,96,76.12,49.66,66.95,1,2,9.49,7.63,0,0,0,CSE,Not Placed,
8.55,110,67.76,68.17,71.12,0,3,5.12,3.67,0,1,0,CSE,Not Placed,
7.07,98,77.38,69.69,71.69,1,4,7.13,6.68,0,0,0,CSE,Not Placed,
8.89,108,66.66,74.91,74.65,0,1,6.79,4.7,0,4,0,IT,Placed,9.2
7.46,126,85.2,70.45,73.02,2,2,4.38,5.67,1,2,0,CSE,Not Placed,
6.77,101,79.75,79.2,76.44,1,4,6.72,6.81,1,1,5,CSE,Not Placed,
7.28,92,59.09,88.1,66.75,2,2,7.7,6.25,0,0,4,IT,Not Placed,
4.65,97,97.62,57.08,64.05,0,1,5.33,7.85,1,0,0,ECE,Not Placed,
7.2,103,88.02,55.29,73.73,1,6,7.62,9.95,0,0,0,ME,Placed,5.39
6.43,106,70.15,79.5,74.28,4,1,3.65,8.49,0,2,0,CSE,Placed,3.12
7.13,120,66.82,75.56,61.13,0,5,2.63,8.38,0,0,0,EE,Not Placed,
6.84,132,72.27,74.91,79.22,2,4,9.17,6.58,0,1,1,ECE,Placed,7.88
7.81,116,95.36,76.65,62.53,1,1,4.05,5.81,2,1,1,IT,Not Placed,
5.43,104,84.02,95.65,64.42,2,1,7.34,5.14,1,3,0,IT,Not Placed,
9.0,110,75.74,84.11,82.77,2,3,9.78,4.82,1,0,0,CSE,Placed,9.5
6.42,111,92.52,66.27,65.82,1,1,1.57,7.31,1,1,0,ME,Not Placed,
7.73,119,83.41,82.82,60.04,0,1,6.86,7.69,0,1,0,CSE,Placed,7.61
9.2,98,71.94,71.91,74.96,1,3,6.64,8.64,0,2,0,IT,Placed,6.91
7.66,87,67.81,76.32,87.66,0,1,4.83,3.85,0,1,0,CSE,Placed,6.71
6.6,107,96.84,71.12,66.86,0,4,6.0,4.01,0,1,0,CSE,Not Placed,
6.19,99,62.48,71.5,65.18,1,1,8.17,4.55,1,3,0,ECE,Placed,7.39
8.29,113,81.29,84.34,79.23,1,5,6.21,5.66,1,0,0,ME,Placed,7.82
6.39,93,66.98,85.66,72.89,1,4,7.42,6.33,2,0,0,CE,Not Placed,
6.21,109,66.16,74.96,74.55,2,3,6.35,3.62,1,1,0,CSE,Not Placed,
6.87,137,81.38,69.88,70.49,1,5,8.27,5.72,0,2,0,ME,Placed,6.04
5.06,101,73.87,94.28,57.04,3,2,5.62,6.28,1,2,0,ME,Not Placed,
7.27,120,95.18,67.94,78.76,1,1,3.19,7.31,0,1,0,CSE,Placed,4.87
6.0,111,63.54,64.82,82.88,1,5,4.65,7.73,2,2,0,ME,Not Placed,
4.25,96,77.64,64.54,83.33,1,4,5.6,4.96,0,0,0,CSE,Not Placed,
7.0,91,81.92,71.41,67.66,1,4,8.33,7.33,0,1,0,IT,Placed,6.18
7.82,86,100.0,66.1,78.1,1,3,7.84,2.82,0,1,0,ECE,Not Placed,
7.8,92,72.2,70.29,83.2,1,1,4.83,6.63,0,0,0,ECE,Placed,6.82
6.47,85,80.09,87.02,72.94,3,1,7.49,7.4,0,3,0,CSE,Placed,7.82
8.1,88,64.16,62.59,76.29,0,1,2.65,5.28,0,0,0,IT,Placed,5.55
6.29,106,74.51,79.35,63.4,0,4,6.66,10.0,0,2,2,CE,Not Placed,
6.07,95,73.23,74.89,83.83,1,2,6.33,6.35,0,0,0,ME,Not Placed,
7.84,97,82.58,76.72,74.55,2,6,6.83,7.54,0,1,11,IT,Placed,7.28
7.91,85,65.06,79.56,70.32,1,1,5.38,6.15,0,0,0,IT,Placed,7.55
8.02,122,69.26,77.26,65.62,0,5,7.01,7.73,2,0,0,CSE,Not Placed,
8.72,75,49.5,75.47,75.07,0,2,4.27,7.36,0,1,0,ECE,Placed,6.52
6.59,103,85.02,49.32,68.66,3,2,3.59,3.91,0,0,0,ECE,Not Placed,
9.3,94,100.0,79.33,82.18,0,5,7.73,5.95,0,1,0,ECE,Placed,10.11
5.75,103,64.68,48.49,54.76,2,5,6.98,6.24,1,1,0,ME,Not Placed,
8.03,98,67.64,64.41,74.44,2,2,5.15,6.12,1,2,25,CE,Placed,6.42
5.3,74,71.65,74.3,78.51,0,2,6.81,6.88,1,1,0,EE,Not Placed,
7.77,109,97.14,66.37,57.84,2,2,6.29,4.02,1,1,0,CSE,Not Placed,
5.82,99,82.16,59.95,83.04,1,4,7.79,6.27,0,3,0,CE,Placed,5.47
4.74,102,65.75,61.28,70.88,2,3,5.01,5.12,0,0,0,ECE,Placed,2.5
5.61,112,82.05,79.18,79.22,2,0,3.45,3.02,1,3,0,ECE,Not Placed,
8.5,96,90.51,54.79,79.19,0,1,3.37,2.18,1,0,0,CSE,Placed,7.41
5.48,70,72.78,69.58,67.71,1,3,3.35,8.88,0,1,0,IT,Not Placed,
6.29,82,81.12,77.61,81.49,0,2,9.88,5.19,0,0,0,CSE,Not Placed,
6.47,86,78.07,70.78,67.5,0,1,7.97,5.35,0,0,0,ME,Not Placed,
8.19,87,86.64,83.99,64.68,0,3,5.35,4.87,1,1,0,CE,Not Placed,
6.61,105,67.15,80.88,69.3,3,1,3.85,6.51,0,2,0,IT,Not Placed,
6.47,94,67.59,67.5,76.24,0,5,6.6,6.21,2,0,0,CE,Not Placed,
6.24,136,92.18,84.7,81.33,0,1,6.08,4.7,0,1,0,ME,Not Placed,
10.0,124,77.4,78.49,71.1,0,2,6.3,3.6,1,0,12,IT,Not Placed,
6.95,95,61.69,72.14,82.3,2,1,5.87,7.2,0,1,0,IT,Not Placed,
6.79,94,64.3,75.42,58.22,0,2,6.76,5.16,1,0,0,ECE,Not Placed,
6.88,85,72.13,80.16,77.25,3,0,5.94,5.0,0,0,0,ME,Placed,8.88
8.6,106,87.19,74.21,70.07,2,5,8.3,4.83,0,2,0,CSE,Placed,8.54
7.63,85,70.36,75.69,56.09,1,5,4.61,9.42,0,4,0,CSE,Placed,6.81
7.53,90,67.67,90.27,70.48,2,0,4.53,7.6,0,1,0,EE,Placed,5.3
4.8,96,84.85,73.26,77.78,0,1,8.34,3.7,2,1,18,CSE,Not Placed,
7.83,110,87.54,80.33,64.08,2,1,6.49,4.12,0,2,0,CSE,Placed,8.04
7.54,104,89.67,81.69,82.2,0,1,5.22,6.09,0,0,0,CE,Not Placed,
5.5,95,86.4,77.9,73.04,1,4,6.64,6.06,0,0,0,CE,Not Placed,
7.48,100,92.86,77.64,81.48,1,3,8.55,4.63,0,0,0,EE,Placed,7.28
6.99,115,70.51,96.65,72.68,2,3,4.51,8.97,1,1,0,ECE,Not Placed,
5.63,113,83.19,73.98,58.69,3,3,2.21,6.16,0,0,0,EE,Not Placed,
5.66,99,81.83,,69.44,1,2,5.86,3.55,0,1,0,IT,Not Placed,
8.79,110,80.19,70.97,77.74,0,2,6.68,7.38,0,0,0,ECE,Placed,6.56
8.04,112,92.72,72.05,69.12,1,2,10.0,6.51,0,0,0,ME,Not Placed,
7.43,112,75.38,62.02,70.18,4,0,7.14,4.24,0,1,0,ME,Placed,6.67
7.07,94,86.76,76.31,87.24,2,6,5.99,2.93,0,1,0,EE,Placed,6.14
5.66,105,70.26,86.46,70.63,2,2,8.04,4.84,0,1,0,ME,Placed,7.85
7.4,86,73.8,74.86,66.62,2,1,3.42,6.65,0,1,0,ECE,Placed,6.05
6.59,113,79.47,52.28,70.09,0,4,4.43,7.79,0,0,0,ME,Not Placed,
7.88,98,77.99,73.59,58.12,3,2,2.93,7.94,0,0,0,ME,Placed,6.68
7.56,94,81.56,56.75,75.77,1,3,4.75,5.6,1,2,0,IT,Not Placed,
8.01,86,78.5,74.61,79.96,2,3,7.84,4.11,1,1,0,ECE,Not Placed,
6.65,106,71.81,83.86,72.86,4,1,6.85,6.36,0,3,0,CSE,Placed,6.54
5.49,106,84.03,70.13,67.81,0,2,6.8,5.34,1,2,0,CSE,Not Placed,
7.33,130,74.65,71.72,75.13,1,6,5.71,5.32,0,0,0,CE,Placed,5.35
6.32,122,53.73,60.56,69.86,0,0,2.26,5.16,1,0,0,CSE,Placed,3.2
7.54,116,79.52,70.39,70.6,0,4,4.94,3.4,2,1,0,ME,Not Placed,
6.58,92,66.99,93.74,61.98,1,0,5.63,9.57,1,2,0,ME,Placed,6.21
7.87,90,77.04,80.03,62.93,3,1,5.73,5.76,0,1,0,CSE,Placed,7.03
6.01,89,82.11,56.78,72.86,1,1,9.03,7.68,0,0,0,ME,Not Placed,
6.8,82,77.04,79.12,73.88,0,1,3.94,7.99,0,0,0,IT,Not Placed,
6.46,125,70.29,78.29,60.72,2,8,4.89,7.13,0,1,0,CE,Not Placed,
8.29,148,89.52,80.88,67.22,1,0,6.48,7.62,0,0,0,ME,Placed,5.83
8.28,113,56.61,77.92,76.41,0,6,5.94,9.96,0,0,0,CSE,Placed,7.08
4.0,106,83.73,68.37,73.67,2,2,2.83,7.01,0,1,0,ME,Not Placed,
6.9,83,84.25,64.92,67.44,0,5,8.05,7.45,0,1,0,ME,Not Placed,
7.68,126,75.11,53.6,53.48,0,4,6.71,7.12,1,0,3,CSE,Not Placed,
5.92,117,74.49,72.04,75.87,3,4,8.15,7.85,0,2,0,ME,Placed,6.43
5.71,119,74.22,72.78,72.41,0,1,6.47,5.16,0,1,0,IT,Not Placed,
8.07,107,76.29,100.0,67.45,1,3,3.89,5.65,1,0,0,ME,Placed,6.95
7.14,140,61.39,76.11,70.05,0,1,1.74,6.67,0,0,0,ECE,Not Placed,
8.07,114,71.49,89.3,62.48,1,3,4.95,7.33,1,5,0,CSE,Placed,8.38
8.37,85,76.74,69.28,66.91,0,2,6.63,3.86,0,0,0,IT,Placed,7.91
5.84,124,82.79,61.7,83.99,2,1,6.96,5.46,0,2,0,ME,Not Placed,
7.36,141,75.45,90.47,68.3,1,3,3.81,6.09,2,1,0,ECE,Placed,5.62
7.9,96,80.76,83.54,60.3,4,4,3.84,5.23,0,2,0,ME,Placed,7.04
6.47,124,85.8,59.08,73.73,2,6,4.22,6.28,1,0,0,ECE,Not Placed,
9.22,115,99.81,82.36,73.65,0,2,7.46,4.83,0,1,0,ME,Placed,7.94
5.53,94,68.7,83.56,79.97,2,4,6.83,4.59,1,1,0,EE,Not Placed,
5.73,70,80.2,73.27,69.01,1,1,7.21,7.71,1,2,0,CE,Not Placed,
6.62,96,79.88,71.05,68.5,2,2,8.12,6.71,2,1,0,IT,Not Placed,
7.37,97,74.25,71.51,71.67,1,3,6.71,6.63,1,0,0,ECE,Not Placed,
4.89,103,69.7,71.71,74.89,1,2,2.4,7.89,0,1,0,CSE,Placed,2.5
7.69,81,98.52,70.07,64.87,1,6,6.06,6.72,0,2,0,ECE,Placed,5.86
5.51,109,75.05,70.78,76.01,2,2,6.16,9.08,1,2,0,ME,Not Placed,
7.16,113,100.0,66.7,73.8,0,3,4.85,6.38,0,0,0,ME,Placed,5.07
6.75,76,67.74,74.42,76.88,2,3,9.95,4.54,0,1,0,ME,Not Placed,
5.47,113,68.43,57.32,72.29,0,1,8.35,2.69,0,0,26,ECE,Not Placed,
7.17,101,83.76,79.54,68.88,0,0,5.29,6.52,0,1,0,ME,Placed,6.89
6.94,113,64.55,74.14,73.24,2,2,6.98,9.76,1,3,0,CSE,Not Placed,
7.12,103,74.1,83.69,70.36,3,1,5.74,7.18,1,3,0,IT,Placed,7.96
4.0,70,85.59,71.16,74.64,2,4,5.04,6.23,0,1,1,ECE,Not Placed,
7.12,99,83.62,63.03,85.92,1,2,7.1,4.99,0,1,0,EE,Not Placed,
7.8,102,84.01,44.74,69.35,2,2,4.04,5.28,2,0,0,CSE,Not Placed,
5.66,87,66.54,83.39,65.12,4,3,6.34,5.38,0,1,0,CSE,Placed,5.99
7.49,107,76.08,94.02,74.11,1,0,2.5,7.09,0,2,0,EE,Not Placed,
7.87,82,86.19,78.23,77.89,0,3,7.61,8.06,1,1,0,CSE,Placed,5.15
8.39,87,94.4,75.08,70.7,0,1,7.47,7.24,0,2,0,ECE,Not Placed,
4.66,119,81.89,72.38,80.64,1,2,5.99,,0,0,0,ECE,Placed,5.75
5.84,108,98.98,75.42,85.55,2,2,6.58,6.01,0,0,0,EE,Not Placed,
6.63,92,71.79,70.57,64.54,4,5,6.13,5.01,1,0,7,EE,Placed,7.03
7.07,96,87.7,69.54,67.34,2,5,5.17,6.44,1,1,0,IT,Not Placed,
8.74,131,78.78,71.97,68.61,2,3,4.59,4.72,0,0,0,CSE,Placed,8.75
7.7,70,85.37,73.55,80.36,4,1,5.86,4.11,3,2,2,IT,Placed,8.3
5.97,108,73.08,51.69,71.01,3,2,7.66,8.84,0,2,0,IT,Placed,8.35
7.32,101,79.62,59.37,65.1,0,3,4.93,5.5,1,2,0,IT,Not Placed,
7.14,86,80.31,78.02,61.89,0,1,4.26,4.42,0,0,12,ECE,Not Placed,
7.58,90,73.83,77.62,81.34,1,2,7.2,6.77,0,1,0,CSE,Not Placed,
7.23,106,77.41,68.29,71.51,0,4,6.53,5.05,0,0,0,ECE,Not Placed,
7.53,89,63.52,66.8,58.9,1,2,6.88,4.14,0,1,0,ECE,Placed,8.39
6.8,88,86.55,55.35,75.38,1,3,7.37,6.63,1,2,0,CSE,Placed,5.59
7.09,120,68.96,62.13,51.9,1,1,4.21,5.01,0,1,0,ECE,Placed,8.44
5.65,102,86.82,69.38,67.86,3,1,7.37,5.75,1,2,0,CSE,Not Placed,
6.87,93,82.21,72.31,62.84,1,0,4.83,4.28,1,0,0,CSE,Not Placed,
7.64,120,95.24,76.3,74.5,0,1,4.55,7.89,1,0,0,CSE,Not Placed,
8.27,96,69.58,65.23,53.06,1,0,3.62,1.54,0,1,0,CSE,Not Placed,
5.6,94,75.92,69.04,62.19,1,4,0.94,5.01,0,0,0,IT,Placed,4.45
5.78,70,94.45,65.35,64.62,1,4,8.3,9.52,0,1,0,ME,Placed,5.82
6.67,118,71.37,82.24,69.02,0,1,6.11,5.93,0,1,0,EE,Not Placed,
5.88,102,61.29,60.12,70.77,1,5,7.88,7.87,0,3,0,ME,Placed,7.11
6.94,79,74.48,92.75,71.52,2,2,6.46,2.16,0,0,0,CSE,Not Placed,
6.29,113,86.37,65.75,74.02,3,1,6.47,1.5,1,1,0,ECE,Not Placed,
6.93,112,90.52,55.33,75.34,0,1,6.09,4.39,1,3,0,CSE,Not Placed,
8.45,90,78.34,81.96,81.15,2,5,6.48,3.25,1,1,0,CSE,Placed,7.84
7.91,103,82.93,67.34,68.58,1,2,8.54,8.04,2,1,0,ME,Not Placed,
8.54,90,80.0,85.28,79.0,0,8,7.77,9.69,0,2,0,IT,Placed,9.57
9.2,130,74.34,76.01,90.88,2,2,4.16,0.86,0,2,5,EE,Placed,10.05
8.74,118,74.05,79.43,81.88,1,4,6.47,6.28,1,0,0,IT,Placed,8.15
4.81,107,66.7,90.18,66.46,2,2,4.64,9.9,0,0,0,IT,Not Placed,
6.88,108,84.21,76.43,54.81,2,3,7.24,5.21,1,2,0,ME,Not Placed,
6.59,107,62.2,59.24,73.07,2,2,9.44,6.94,0,1,0,ECE,Placed,7.59
7.92,80,97.93,87.66,68.3,1,1,3.49,4.58,1,2,0,IT,Placed,6.97
8.15,70,64.93,82.92,67.74,2,1,9.09,,0,0,0,EE,Placed,10.41
7.02,72,78.11,71.54,81.93,1,2,5.84,4.15,3,1,0,CE,Not Placed,
6.64,115,77.92,69.36,73.26,4,3,5.18,7.65,0,0,0,IT,Placed,6.68
5.96,107,85.9,82.46,89.54,3,1,3.8,7.5,0,1,0,CE,Placed,4.77
5.63,98,86.18,74.72,86.76,4,2,4.9,5.37,0,3,8,CSE,Placed,7.01
7.86,109,81.91,77.72,69.14,0,3,7.36,4.51,1,1,0,ECE,Not Placed,
7.46,113,82.81,81.74,80.49,3,3,8.6,6.81,1,0,0,CSE,Placed,8.38
4.9,87,83.92,80.72,83.32,3,2,7.41,5.02,0,0,0,IT,Not Placed,
6.8,118,82.99,70.09,73.09,1,3,7.9,5.49,0,2,0,CSE,Placed,5.99
5.56,99,82.4,81.63,71.04,1,0,5.05,6.34,1,0,0,CSE,Not Placed,
7.16,74,80.32,69.18,74.62,2,5,8.39,6.75,1,2,0,CSE,Placed,7.68
5.01,108,82.27,74.21,68.3,0,2,6.63,9.97,1,1,0,IT,Placed,3.7
6.74,91,66.55,63.8,72.96,1,2,2.04,5.78,1,1,0,CSE,Not Placed,
7.26,88,71.53,,78.15,2,3,4.04,7.5,0,1,9,IT,Placed,7.22
4.61,70,73.53,66.34,60.55,1,3,5.26,5.46,0,3,0,IT,Not Placed,
9.56,106,80.11,72.95,73.65,1,3,3.81,5.93,0,0,0,CE,Placed,6.18
4.39,84,88.09,85.58,72.28,0,0,4.25,7.31,1,0,0,EE,Not Placed,
6.64,88,54.63,74.81,89.32,5,3,3.11,8.43,1,0,0,CE,Placed,4.88
8.36,88,86.05,74.8,91.32,1,3,8.15,9.19,0,1,0,EE,Placed,8.46
8.1,105,70.48,71.74,72.56,1,3,4.46,6.18,0,0,0,CSE,Placed,7.86
6.61,106,92.86,95.18,73.36,1,4,6.95,3.8,0,0,0,ECE,Placed,5.53
5.28,107,63.5,73.25,80.62,1,5,5.82,7.46,0,1,22,ECE,Placed,3.47
5.48,109,87.01,85.04,67.31,0,1,5.34,5.79,1,0,0,CSE,Not Placed,
7.55,82,79.58,81.48,66.63,1,2,3.16,5.51,0,2,0,CSE,Not Placed,
8.58,121,78.03,80.76,64.54,1,2,3.19,4.68,0,1,20,IT,Placed,8.19
7.56,84,76.33,84.73,79.49,0,4,8.5,6.02,1,2,0,ME,Placed,7.71
7.7,101,86.92,70.42,73.67,2,5,4.1,5.18,0,2,0,CSE,Placed,5.09
8.01,86,78.5,74.61,79.96,2,3,7.84,4.11,1,1,0,ECE,Not Placed,
7.52,114,78.78,80.25,72.95,1,1,4.77,6.07,0,2,0,ECE,Placed,5.6
6.08,98,84.41,71.74,75.51,3,7,5.87,5.24,0,0,0,ME,Placed,5.09
6.49,100,93.08,93.11,64.66,2,2,4.46,5.12,0,4,2,CSE,Placed,6.34
9.43,105,75.56,85.25,79.78,0,1,7.6,6.77,0,1,0,CSE,Placed,9.42
6.94,111,80.54,85.92,65.9,1,3,6.04,4.65,0,1,0,CSE,Placed,7.8
8.37,98,91.49,90.93,83.08,2,3,4.67,7.02,1,1,15,ME,Placed,8.2
6.17,97,84.28,68.18,68.98,1,3,7.79,5.68,1,1,0,ECE,Placed,5.16
6.78,97,56.46,62.35,72.45,3,4,4.24,3.92,0,3,0,CSE,Placed,9.58
7.6,97,65.86,79.94,68.24,0,1,8.15,4.59,0,1,0,CSE,Placed,6.88
8.57,116,82.63,68.2,78.44,3,1,4.93,5.39,0,0,0,EE,Placed,7.38
5.41,111,70.95,84.23,73.93,0,1,4.35,,2,1,0,ECE,Not Placed,
6.37,112,98.7,71.17,61.82,2,3,8.59,4.76,0,1,0,ME,Placed,4.43
6.89,90,65.11,76.84,72.58,1,4,5.25,4.77,1,0,0,CSE,Not Placed,
6.12,92,84.45,71.52,74.53,1,5,8.7,5.23,1,1,1,IT,Not Placed,
6.66,126,73.16,80.4,78.35,2,4,3.65,5.94,1,2,0,ECE,Not Placed,
5.74,116,76.58,74.33,80.08,0,3,9.9,6.25,1,1,0,EE,Not Placed,
9.12,95,57.34,65.35,70.09,0,0,6.55,4.81,0,0,0,CE,Placed,6.54
7.28,125,83.44,76.6,77.53,0,4,2.58,5.1,2,0,0,CE,Not Placed,
7.04,95,67.16,63.7,72.24,0,3,3.73,4.55,0,0,11,ECE,Not Placed,
6.66,79,82.61,51.44,84.82,1,2,7.28,4.99,0,2,0,ECE,Placed,7.88
5.45,95,62.73,76.02,62.79,2,0,6.51,5.08,0,1,2,CSE,Not Placed,
8.46,80,72.45,68.59,73.64,2,1,6.22,,1,2,0,ME,Placed,7.38
5.94,98,73.34,84.57,69.36,3,0,9.11,8.82,2,1,0,EE,Placed,5.7
5.12,85,82.04,87.85,70.74,0,1,10.0,7.59,1,0,0,ME,Placed,4.91
5.26,108,84.41,72.22,68.46,0,1,10.0,2.91,0,2,0,IT,Placed,5.17
8.04,123,68.27,64.8,81.08,2,1,5.96,3.99,0,2,0,ME,Placed,6.16
8.33,94,98.84,62.83,78.07,0,4,7.39,6.77,0,0,0,IT,Placed,8.84
7.81,99,80.64,88.84,82.74,2,3,4.95,7.76,0,1,12,CSE,Placed,6.8
5.26,127,82.69,58.71,71.53,2,3,8.55,9.85,0,0,0,ME,Not Placed,
7.04,103,72.42,74.35,75.82,2,2,5.74,,0,2,0,CSE,Placed,5.59
7.74,90,77.92,69.12,80.61,1,0,7.34,2.66,0,2,0,CSE,Not Placed,
9.31,104,67.77,61.77,69.31,2,3,6.92,3.0,0,1,0,CSE,Placed,9.76
6.83,115,90.34,86.99,71.88,0,0,7.18,5.01,1,2,0,EE,Not Placed,
7.54,97,66.43,71.71,84.72,0,1,4.81,8.12,0,1,0,EE,Not Placed,
6.76,96,67.67,61.24,66.46,0,4,5.99,,0,1,0,CSE,Placed,5.76
8.11,84,70.46,74.02,74.14,2,5,5.45,5.42,0,3,0,EE,Placed,7.25
9.28,111,81.32,,87.88,0,2,6.9,6.58,0,0,4,ME,Placed,8.3
6.32,80,99.38,79.43,67.33,1,4,6.68,7.83,0,0,0,CSE,Placed,5.21
5.84,105,86.33,66.05,64.31,0,4,8.06,4.68,0,0,0,IT,Placed,7.02
6.31,106,67.83,72.19,81.4,1,0,4.01,6.69,0,1,0,EE,Not Placed,
6.32,74,71.28,73.73,64.46,1,4,5.07,3.41,0,0,0,EE,Not Placed,
6.08,99,83.44,88.7,81.97,2,2,5.23,7.03,1,0,0,EE,Not Placed,
5.9,90,92.44,73.52,59.67,2,1,5.81,8.72,0,1,0,ME,Placed,3.16
7.42,99,74.76,70.38,79.85,1,3,4.66,5.75,0,1,0,IT,Not Placed,
7.81,79,65.78,75.0,70.52,1,1,7.85,5.31,1,1,0,CSE,Not Placed,
7.46,88,83.53,70.73,71.14,0,4,5.79,7.97,1,2,0,IT,Not Placed,
7.6,99,71.56,92.6,82.32,3,6,5.6,9.11,0,1,0,ECE,Placed,5.36
8.07,106,75.06,51.62,91.44,1,1,9.91,4.52,1,0,6,ME,Not Placed,
7.07,94,62.38,87.97,71.29,0,1,7.87,4.47,0,2,0,EE,Placed,4.89
7.72,99,85.57,69.36,74.05,1,3,5.57,5.21,0,0,0,ECE,Not Placed,
7.97,125,82.65,,64.79,1,5,6.81,7.34,1,0,18,CE,Not Placed,
6.99,99,85.15,96.59,70.41,0,3,7.43,6.38,2,2,0,ECE,Not Placed,
6.96,82,98.83,84.23,71.27,2,1,10.0,6.47,0,1,0,EE,Placed,6.84
7.51,89,67.66,72.76,64.31,0,1,7.5,7.15,0,1,0,IT,Placed,6.37
7.89,123,88.08,70.05,66.16,2,3,9.2,4.15,0,0,22,CSE,Placed,8.89
8.13,70,77.78,80.23,74.81,2,3,5.58,7.81,1,1,9,CSE,Placed,7.88
5.75,139,78.91,75.71,58.0,1,3,5.66,7.99,0,0,0,CSE,Not Placed,
5.88,105,70.2,70.87,67.01,1,1,6.55,3.95,1,1,0,IT,Not Placed,
6.66,97,78.78,80.29,75.09,0,4,3.33,5.93,2,1,0,CSE,Not Placed,
6.23,104,80.94,67.7,70.95,0,2,6.09,7.53,1,2,0,CSE,Placed,3.68
6.04,100,73.86,55.63,73.19,2,3,7.45,8.09,1,1,0,IT,Not Placed,
7.19,93,95.76,80.62,55.28,1,5,5.31,5.41,0,1,15,CSE,Not Placed,
8.35,129,77.31,59.33,73.57,1,5,6.27,5.91,0,0,0,ECE,Placed,8.25
7.4,80,82.9,88.35,79.03,3,0,5.15,6.66,0,2,0,IT,Placed,8.4
5.71,90,88.15,56.38,74.01,4,1,6.85,6.17,0,0,0,IT,Placed,7.47
7.21,105,90.15,70.89,83.6,1,4,6.94,5.15,0,1,0,CE,Not Placed,
6.55,70,64.18,68.75,67.2,0,5,4.86,5.08,0,1,0,EE,Placed,5.85
8.99,109,83.18,90.81,73.64,0,2,4.66,4.76,1,0,0,IT,Not Placed,
6.94,106,89.55,73.78,79.16,2,2,2.93,6.16,1,1,0,IT,Placed,5.1
5.7,90,87.88,87.81,78.17,3,3,6.5,4.88,1,0,0,CSE,Not Placed,
7.38,105,72.42,71.26,56.73,1,2,4.48,8.36,1,1,0,ECE,Not Placed,
6.59,76,91.96,82.06,65.34,2,4,8.05,4.37,0,0,0,CSE,Not Placed,
7.05,96,79.9,80.75,68.26,1,1,3.56,5.46,2,0,0,EE,Not Placed,
6.63,103,69.29,87.78,62.81,3,5,7.95,5.33,0,0,0,CSE,Placed,7.21
8.07,88,90.72,74.83,81.32,1,1,7.3,4.4,0,1,0,IT,Not Placed,
9.01,102,83.38,74.14,74.28,1,1,7.51,7.79,0,0,0,CSE,Placed,8.85
8.26,101,87.99,71.63,85.99,2,3,2.65,9.05,0,1,0,ME,Placed,4.83
5.27,104,73.3,68.88,68.41,3,1,7.09,1.77,2,1,0,IT,Not Placed,
7.11,78,98.18,96.41,66.58,2,8,5.48,5.92,1,1,0,ME,Not Placed,
8.0,103,77.63,69.05,72.15,1,2,6.03,7.99,0,1,9,EE,Placed,6.9
7.53,102,68.66,83.52,69.55,2,2,9.32,5.72,0,2,0,CSE,Placed,8.42
6.49,89,84.14,67.72,68.67,0,3,4.57,6.6,0,0,0,CSE,Placed,5.97
6.78,97,80.24,82.49,68.22,1,2,4.97,3.62,0,1,0,EE,Placed,5.09
6.65,99,97.89,79.68,85.17,1,4,4.43,6.29,2,0,0,ECE,Not Placed,
6.85,87,66.86,58.88,87.1,1,1,8.17,5.84,0,2,0,IT,Placed,8.62
6.4,125,87.74,84.33,66.98,0,2,3.1,6.14,1,2,0,CE,Not Placed,
5.88,97,70.02,82.23,70.33,2,3,10.0,10.0,1,1,0,ECE,Placed,6.46
8.31,88,76.14,66.58,75.53,2,2,5.78,6.38,1,1,0,ECE,Placed,6.93
8.47,118,71.38,87.89,71.61,3,0,7.79,5.62,0,0,0,CSE,Placed,10.21
6.34,106,66.27,78.08,71.5,1,1,5.99,4.76,1,0,0,EE,Not Placed,
8.5,108,64.07,72.85,74.3,1,2,6.05,7.45,1,0,0,CSE,Placed,7.92
6.63,96,72.07,82.8,66.91,1,3,5.4,8.23,0,2,0,IT,Placed,5.7
7.4,106,86.41,63.83,69.48,2,0,5.17,5.9,0,1,0,CSE,Not Placed,
5.99,124,77.09,82.9,65.38,2,0,7.8,8.32,0,0,0,CSE,Not Placed,
6.35,94,58.97,75.58,80.35,2,0,7.38,5.75,1,0,0,CSE,Not Placed,
6.08,88,72.6,80.31,60.85,0,2,6.34,7.21,2,1,1,EE,Placed,5.71
7.84,113,65.13,76.23,70.73,2,1,7.51,6.43,0,1,0,ME,Not Placed,
6.1,112,77.74,61.88,80.5,1,2,10.0,5.89,1,2,0,IT,Placed,8.18
8.5,80,98.71,86.83,70.37,2,2,5.23,6.63,0,0,0,CSE,Placed,8.26
5.39,104,77.12,65.13,75.27,0,6,3.41,5.47,0,3,0,CSE,Not Placed,
7.76,101,66.84,85.22,69.55,2,3,6.76,9.5,1,1,0,ECE,Placed,9.06
6.05,72,64.36,72.51,78.31,0,1,6.44,4.2,0,1,0,ME,Not Placed,
6.55,100,77.13,57.42,58.9,1,0,8.72,8.12,0,1,1,CSE,Not Placed,
6.37,111,86.54,64.06,81.93,0,0,4.08,7.7,1,0,0,ME,Not Placed,
6.84,81,81.91,59.5,70.1,0,0,4.14,8.04,1,0,7,ECE,Placed,5.58
8.06,93,91.88,63.15,57.01,1,2,6.68,4.87,2,1,0,CSE,Not Placed,
9.57,100,75.9,59.63,70.54,1,2,7.85,7.21,0,2,0,CE,Placed,8.46
7.61,102,84.67,69.44,63.14,2,1,5.07,5.71,1,0,0,CSE,Placed,7.55
8.63,98,83.68,73.18,77.37,0,3,6.0,5.88,0,1,22,ME,Not Placed,
7.27,106,67.5,61.21,64.54,1,2,6.79,3.29,0,1,0,CSE,Placed,4.92
7.48,99,52.64,54.92,72.85,0,3,8.68,2.93,1,0,0,IT,Not Placed,
8.07,79,86.16,64.18,60.39,0,1,6.53,6.29,1,1,0,ME,Not Placed,
7.93,116,63.56,84.2,81.26,1,4,3.77,9.25,1,3,0,ECE,Not Placed,
7.56,98,57.54,77.53,73.52,1,2,6.74,5.84,0,0,5,EE,Not Placed,
5.34,80,81.38,57.59,73.65,0,2,3.08,6.77,0,0,0,CSE,Not Placed,
6.88,93,82.56,85.75,59.67,2,2,9.13,8.09,0,2,0,EE,Placed,4.88
8.73,101,83.7,70.89,68.33,2,5,9.76,7.57,2,0,0,EE,Placed,7.97
7.69,105,61.15,78.14,68.64,2,4,3.01,8.21,1,2,0,CE,Placed,7.02
7.58,72,67.72,67.76,68.84,2,2,5.55,3.76,0,0,0,ECE,Not Placed,
7.79,105,76.58,80.73,75.67,2,2,8.76,7.59,1,0,0,IT,Placed,8.73
7.42,99,91.83,86.69,60.13,1,0,7.84,4.34,1,0,0,ECE,Not Placed,
8.15,108,67.83,80.42,65.37,2,4,6.87,6.69,0,0,0,CSE,Placed,7.66
7.52,121,79.97,65.29,70.58,2,4,2.51,7.57,2,1,0,IT,Not Placed,
8.62,93,79.03,58.17,81.59,1,4,7.91,7.7,1,1,0,ECE,Not Placed,
6.54,106,73.49,80.96,80.36,1,4,10.0,8.26,0,0,0,IT,Not Placed,
7.83,112,72.97,69.86,77.19,2,1,4.16,8.87,0,1,0,IT,Placed,5.97
7.61,103,80.53,66.0,61.43,0,2,4.37,9.56,0,2,0,EE,Placed,5.69
6.05,105,85.74,65.37,65.69,5,1,7.36,4.0,0,2,0,EE,Placed,6.44
6.88,80,85.63,77.7,81.24,1,1,7.51,6.48,0,3,0,CSE,Placed,6.44
7.83,129,86.64,76.01,62.07,2,4,8.37,7.14,0,1,0,CSE,Placed,7.81
8.47,105,83.86,81.42,84.63,2,2,5.44,9.22,0,1,0,CSE,Placed,7.27
8.51,107,87.27,68.66,74.8,1,0,5.6,6.08,1,1,0,ME,Placed,5.92
7.67,76,78.3,78.05,82.37,1,1,4.16,7.82,0,0,0,IT,Not Placed,
8.06,99,81.77,76.55,78.75,3,3,2.41,,1,2,0,CE,Placed,4.3
6.95,94,89.8,88.4,59.11,1,3,6.52,7.17,1,4,0,ECE,Not Placed,
9.07,113,68.21,82.58,68.28,0,5,6.7,,0,0,0,IT,Placed,6.53
8.11,106,66.53,59.62,74.68,0,1,2.05,6.03,0,1,1,CSE,Not Placed,
6.77,109,60.26,68.23,79.58,2,1,2.71,6.36,0,2,0,EE,Placed,4.35
6.14,78,73.2,73.97,79.91,1,2,8.73,6.52,2,0,0,CSE,Not Placed,
7.51,91,70.01,79.66,73.9,1,1,7.36,9.07,0,0,0,ECE,Placed,6.75
7.35,95,57.72,73.04,82.72,0,3,4.44,4.36,0,0,0,ECE,Not Placed,
4.45,90,75.11,70.62,65.94,0,1,8.86,7.39,0,2,0,ME,Not Placed,
7.24,103,68.03,63.93,66.45,1,5,6.42,6.52,0,0,0,IT,Placed,3.65
9.34,107,93.51,74.77,70.16,1,1,8.06,5.51,2,1,0,ECE,Placed,7.15
9.12,138,85.0,69.96,67.75,0,2,6.73,7.15,0,0,0,CSE,Not Placed,
8.17,70,77.52,61.97,64.36,1,3,4.36,6.14,0,1,6,CSE,Placed,7.92
7.14,100,87.43,76.17,80.02,0,3,3.24,2.13,0,0,0,CSE,Not Placed,
6.42,121,91.21,72.57,76.35,2,2,7.82,6.42,0,1,0,IT,Placed,5.59
7.8,114,73.89,69.87,82.71,0,4,2.97,5.25,0,1,0,EE,Not Placed,
4.44,104,74.98,84.94,64.14,2,3,2.31,6.62,1,1,0,ME,Not Placed,
6.72,103,89.58,74.73,72.56,2,0,3.14,1.22,1,0,0,CSE,Not Placed,
9.23,102,81.59,75.2,68.4,0,3,4.7,5.17,2,3,0,CE,Not Placed,
6.28,73,81.18,86.33,66.43,1,1,6.32,8.21,1,0,0,CSE,Not Placed,
6.51,105,75.84,75.13,65.4,0,3,7.08,3.02,0,1,0,IT,Not Placed,
6.59,117,75.32,87.2,77.28,1,8,2.37,8.21,0,1,2,IT,Placed,5.66
7.82,95,74.85,59.82,71.51,0,5,5.35,6.88,0,1,0,CSE,Placed,4.16
6.82,90,77.6,84.85,69.62,2,1,7.12,7.4,1,4,0,IT,Placed,9.27
7.83,85,68.31,79.5,71.62,1,1,5.56,6.64,0,1,0,IT,Not Placed,
5.22,90,72.06,70.06,85.9,1,2,10.0,4.91,0,3,0,EE,Not Placed,
8.3,92,83.67,75.75,81.78,1,2,6.59,4.74,0,2,0,IT,Placed,9.96
6.36,113,91.06,80.24,75.36,2,3,6.25,8.55,3,2,0,IT,Not Placed,
7.04,84,87.41,75.77,72.01,0,4,6.23,8.07,1,2,0,EE,Not Placed,
6.71,89,79.48,74.17,76.92,3,4,4.85,6.17,0,3,0,CSE,Placed,7.51
6.35,100,78.08,84.56,72.15,2,3,8.25,5.44,0,4,0,ECE,Placed,8.87
7.25,126,84.13,66.0,70.11,0,2,2.71,6.77,1,0,0,ME,Not Placed,
6.05,91,68.21,73.0,70.99,0,5,6.38,7.24,0,2,0,CSE,Placed,6.16
7.19,109,67.31,81.22,68.69,0,3,3.98,5.83,1,2,0,CSE,Not Placed,
8.24,110,89.22,66.78,62.97,1,2,4.7,5.6,0,1,0,IT,Placed,5.24
6.76,117,80.14,80.97,71.98,2,3,4.09,4.77,0,0,0,ME,Placed,4.02
6.44,87,83.56,62.84,68.55,0,1,7.17,5.35,1,1,0,CSE,Not Placed,
5.32,96,72.41,87.23,69.25,3,2,4.56,4.88,0,2,0,ECE,Placed,3.68
7.66,100,88.82,67.0,77.79,3,3,2.83,9.83,0,0,0,CSE,Placed,4.92
8.67,110,76.04,68.16,80.14,0,5,6.92,6.79,1,1,0,IT,Placed,9.74
7.87,82,87.48,87.17,70.28,0,1,3.53,9.25,0,1,0,IT,Not Placed,
5.28,115,80.76,65.48,68.29,1,1,4.4,8.59,1,0,0,CSE,Placed,3.4
6.73,86,81.09,74.56,70.92,0,3,9.13,2.9,2,1,11,CSE,Not Placed,
5.84,86,78.35,68.37,77.17,0,3,3.83,4.27,0,2,0,CE,Not Placed,
7.39,108,88.62,77.44,74.65,3,0,7.71,4.13,0,1,0,CSE,Not Placed,
6.55,89,58.59,85.49,76.75,1,2,8.11,5.26,0,3,0,CE,Placed,7.94
7.7,91,82.04,84.14,60.89,2,3,4.53,7.03,0,0,0,CSE,Not Placed,
7.02,88,92.99,86.13,74.91,0,3,5.41,5.38,0,1,0,CSE,Not Placed,
9.13,119,71.01,67.34,66.46,0,4,5.38,4.92,0,2,0,CSE,Placed,8.54
6.41,102,83.65,78.19,71.27,2,0,5.64,6.81,0,0,0,ECE,Not Placed,
7.16,73,53.79,64.82,82.65,0,2,2.0,5.06,0,2,6,IT,Placed,4.46
7.0,111,79.66,,75.31,0,2,4.35,5.53,0,2,8,IT,Not Placed,
5.65,89,78.66,68.77,63.83,0,3,5.87,6.03,0,1,2,CSE,Placed,5.67
8.6,96,72.1,78.08,69.17,3,2,5.06,5.35,0,1,0,IT,Placed,10.65
6.5,106,95.56,53.64,66.13,1,3,5.41,5.55,1,0,0,CE,Not Placed,
5.24,92,91.86,53.96,63.92,0,1,6.1,2.95,1,1,0,ECE,Not Placed,
6.12,79,73.59,85.7,66.32,0,1,3.86,7.31,0,2,0,CE,Placed,2.99
6.51,107,71.28,79.63,64.58,2,3,5.35,8.9,0,0,0,CSE,Placed,5.86
8.42,92,83.92,96.85,61.17,1,3,3.38,6.34,0,1,0,CSE,Placed,6.92
6.11,72,94.84,87.81,79.09,2,4,8.68,3.18,1,1,0,ECE,Not Placed,
4.8,89,79.58,66.84,72.5,2,3,4.91,6.29,0,1,15,CSE,Not Placed,
5.58,100,74.0,81.98,67.38,1,3,4.59,9.51,0,1,0,ECE,Not Placed,
7.22,112,68.43,83.84,77.42,1,2,8.93,6.02,2,1,0,CSE,Not Placed,
6.88,109,84.96,68.73,76.97,2,0,5.5,7.33,1,1,0,CSE,Placed,6.62
7.34,106,92.41,77.35,55.97,3,4,6.8,7.29,0,1,0,CSE,Placed,7.9
8.46,77,99.2,73.11,64.57,0,3,4.17,4.9,1,1,0,CSE,Not Placed,
5.05,99,77.78,86.74,75.65,0,2,8.75,5.5,0,0,0,CE,Not Placed,
7.56,121,76.4,81.3,70.94,1,1,3.06,6.53,1,0,5,IT,Not Placed,
5.18,107,90.15,74.71,63.3,2,1,9.27,6.18,0,0,0,CSE,Placed,6.29
5.6,106,77.1,55.55,75.1,1,5,4.77,6.95,2,2,0,ME,Placed,3.86
7.31,103,89.1,73.41,87.67,1,2,4.86,7.83,0,0,0,IT,Placed,6.38
7.03,113,58.21,61.54,57.31,0,0,4.59,4.51,2,0,0,CSE,Not Placed,
8.68,120,86.94,72.07,86.27,0,2,3.66,,0,1,0,ME,Not Placed,
8.65,106,67.14,54.56,70.41,2,1,0.0,5.46,0,1,3,IT,Placed,4.74
7.64,96,64.44,72.95,82.32,2,5,6.35,7.1,0,0,0,ECE,Placed,5.86
7.34,119,67.41,71.14,72.86,2,3,5.35,7.25,1,0,0,ME,Not Placed,
6.83,84,64.57,75.17,59.04,1,4,5.87,5.8,0,0,0,IT,Placed,6.04
5.86,118,72.66,,78.86,0,1,6.11,6.29,0,2,0,CSE,Not Placed,
7.04,101,61.8,83.69,78.11,3,4,6.59,6.73,0,0,0,IT,Placed,6.21
4.46,84,77.3,71.92,57.3,0,3,9.89,5.42,0,0,0,CSE,Not Placed,
8.38,77,76.56,62.56,77.66,1,2,6.26,9.0,1,0,0,CSE,Placed,6.42
7.92,100,83.61,81.05,77.5,2,1,4.61,7.11,0,0,0,CSE,Not Placed,
5.84,118,92.17,80.54,78.23,0,2,7.52,5.9,0,1,0,ECE,Not Placed,
6.92,106,89.77,98.26,72.02,0,2,8.64,6.73,1,2,1,CSE,Placed,6.1
6.98,107,89.91,58.17,61.99,0,5,7.44,8.24,1,1,0,ECE,Not Placed,
7.75,97,65.07,75.94,90.09,1,4,7.67,4.22,2,1,3,CE,Not Placed,
4.0,84,61.09,80.68,92.73,3,1,6.78,7.72,0,2,0,ECE,Placed,4.63
8.57,108,69.87,79.32,77.05,2,3,5.87,4.72,0,1,0,IT,Placed,7.63
7.91,103,74.55,80.78,74.66,0,1,3.8,6.45,0,0,0,EE,Not Placed,
7.15,89,71.9,85.09,73.64,2,2,3.41,3.19,0,2,0,IT,Placed,5.92
7.63,109,87.6,85.55,67.82,3,5,7.19,5.21,0,2,0,CSE,Placed,9.69
7.42,111,77.55,68.24,69.88,0,1,7.15,8.4,0,0,1,EE,Placed,6.54
7.16,102,79.94,80.8,90.6,2,2,5.31,7.06,1,0,0,IT,Placed,7.91
5.73,90,89.67,73.5,83.18,0,2,5.83,3.16,1,1,0,IT,Not Placed,
6.5,131,65.64,93.38,71.26,3,3,8.84,4.49,0,1,0,CSE,Placed,7.77
6.57,110,82.14,69.3,67.41,1,5,5.37,6.84,2,0,0,IT,Placed,6.15
7.86,82,76.17,74.49,69.24,4,2,8.86,6.96,0,2,2,IT,Placed,9.46
6.72,129,69.47,65.36,60.65,0,2,5.71,4.02,0,0,0,ECE,Placed,6.23
8.7,122,79.94,90.2,74.93,1,3,5.11,5.6,0,0,0,IT,Placed,5.88
8.73,92,69.76,68.85,80.92,2,8,3.42,3.84,1,1,0,IT,Placed,5.97
9.2,86,70.51,87.69,62.1,1,3,4.92,6.86,1,0,0,IT,Placed,8.22
5.79,95,76.14,,76.38,0,1,7.07,2.99,2,1,0,IT,Not Placed,
7.64,82,93.6,86.33,68.22,0,1,5.03,9.13,0,3,0,ME,Not Placed,
8.27,84,90.56,70.9,68.87,0,3,10.0,7.0,0,1,0,CSE,Placed,10.36
8.1,107,75.11,95.93,68.16,1,2,3.38,7.8,1,2,0,ECE,Placed,6.28
7.59,125,71.21,81.79,78.51,0,3,5.33,3.87,1,2,0,ECE,Placed,6.95
7.05,96,78.28,67.39,93.22,2,4,3.66,8.87,0,1,1,IT,Placed,4.78
6.59,103,100.0,78.77,75.64,3,2,2.14,7.28,1,1,0,ECE,Placed,5.89
7.83,107,76.28,63.41,81.11,1,1,9.5,5.2,2,1,0,EE,Not Placed,
6.81,104,79.18,87.87,65.72,1,2,8.01,5.55,0,1,0,ECE,Placed,9.1
7.32,87,65.71,95.5,72.52,0,2,5.66,7.52,1,1,0,IT,Not Placed,
4.5,92,88.31,69.77,66.29,2,3,4.78,3.58,1,0,0,EE,Not Placed,
8.15,83,72.24,93.83,66.64,0,3,4.58,2.39,0,1,0,CSE,Not Placed,
6.56,99,72.6,81.03,74.03,3,3,6.16,2.02,2,1,0,EE,Not Placed,
7.5,99,56.36,65.12,71.49,1,4,2.49,8.53,1,0,0,ECE,Not Placed,
6.56,99,80.04,100.0,63.69,0,4,8.74,7.09,0,2,0,ECE,Placed,5.73
8.73,71,76.77,71.83,64.96,0,2,4.79,7.14,1,5,0,EE,Placed,8.46
7.37,107,83.74,57.19,82.91,1,1,7.42,5.89,0,0,0,EE,Not Placed,
7.91,84,82.81,76.17,66.75,3,2,8.19,3.5,1,0,1,ME,Placed,7.97
8.43,92,70.91,79.58,71.7,0,3,4.01,3.16,1,1,0,CSE,Placed,7.0
6.31,116,56.28,72.47,80.18,2,4,6.08,7.48,1,3,0,ECE,Not Placed,
5.96,78,93.85,100.0,79.41,3,3,10.0,,0,0,0,IT,Placed,9.07
7.49,110,59.53,73.61,58.7,2,3,4.59,4.33,0,0,0,CSE,Placed,6.26
6.63,102,100.0,61.33,72.08,0,2,6.64,8.25,0,1,0,CSE,Placed,6.76
6.11,90,68.01,61.25,84.28,0,5,6.09,7.45,1,2,0,CSE,Not Placed,
4.0,105,81.78,88.49,82.4,0,3,4.22,6.85,0,2,0,IT,Not Placed,
8.03,98,67.64,64.41,74.44,2,2,5.15,6.12,1,2,25,CE,Placed,6.42
8.1,105,87.77,82.88,73.07,1,2,6.12,6.31,1,1,0,IT,Placed,9.07
6.68,106,79.46,93.38,61.97,0,3,7.92,3.98,0,1,1,EE,Placed,4.16
6.99,70,62.5,57.84,74.49,0,5,5.16,8.15,1,3,0,IT,Not Placed,
7.4,100,74.84,87.98,75.84,1,1,9.18,5.57,0,2,0,CSE,Placed,5.19
7.25,92,100.0,59.71,68.91,2,4,6.72,8.99,1,1,0,EE,Not Placed,
7.15,107,77.54,77.26,69.41,0,3,7.61,5.64,2,1,0,ECE,Not Placed,
8.69,110,76.12,61.81,64.92,1,2,8.53,6.37,0,4,0,ME,Placed,8.68
7.34,97,85.05,88.89,70.51,0,2,5.91,7.92,0,2,0,IT,Placed,7.37
8.22,80,75.8,71.0,65.99,2,3,3.34,7.78,0,0,0,CSE,Placed,8.64
7.19,109,59.28,78.5,58.27,0,0,3.73,4.03,0,1,0,ECE,Not Placed,
5.86,98,79.84,62.65,70.24,2,3,4.96,7.1,2,0,1,ECE,Not Placed,
5.99,76,85.95,79.92,67.35,2,1,5.79,6.11,1,0,0,CSE,Not Placed,
7.1,70,79.81,,86.02,0,2,6.55,4.98,2,0,0,CSE,Not Placed,
7.01,106,75.86,71.09,77.27,2,4,6.54,7.3,0,0,0,CE,Placed,6.44
6.92,117,59.37,72.16,80.44,0,1,7.54,,0,2,0,CSE,Placed,5.83
7.89,107,69.37,66.96,72.12,2,1,5.09,3.77,0,1,9,EE,Placed,7.31
8.58,113,71.38,68.88,63.34,0,0,6.31,6.3,2,0,0,ME,Placed,6.13
7.53,113,82.52,66.59,69.12,0,1,3.62,4.68,0,1,0,IT,Not Placed,
7.61,114,74.83,86.21,74.63,0,2,2.88,7.19,0,1,0,CSE,Placed,8.11
7.22,120,79.24,76.89,77.04,0,4,4.99,10.0,0,0,0,IT,Placed,6.53
5.15,101,87.6,59.31,61.99,0,5,6.73,8.1,2,1,0,ECE,Not Placed,
7.35,100,94.46,66.83,69.16,2,4,4.98,8.6,0,0,0,IT,Placed,5.51
6.32,126,64.68,79.24,74.86,2,0,6.75,7.94,0,2,0,ME,Not Placed,
4.9,109,77.19,74.4,74.32,1,2,4.32,5.68,1,0,0,CE,Not Placed,
6.23,85,85.15,57.17,63.52,1,2,4.21,3.7,0,0,4,CE,Not Placed,
7.07,112,83.42,80.2,67.6,3,4,6.11,2.77,1,2,2,EE,Placed,7.24
6.81,103,73.23,59.21,59.43,1,2,3.74,1.8,0,1,0,IT,Placed,5.0
9.4,106,71.27,79.66,80.67,1,5,5.27,5.31,0,0,0,CE,Placed,7.28
7.3,114,76.2,65.21,62.19,2,2,6.74,2.98,0,2,0,CSE,Placed,7.58
6.71,81,86.37,56.93,71.22,0,4,3.49,10.0,0,0,2,ME,Placed,5.82
7.94,81,65.91,,62.88,1,5,1.54,4.77,1,2,0,IT,Placed,7.24
7.61,102,84.18,80.29,73.96,3,1,10.0,6.97,1,0,0,ME,Placed,7.69
6.8,101,79.64,74.51,72.47,1,1,5.67,8.2,1,1,0,CSE,Not Placed,
7.16,86,63.89,75.73,68.02,2,1,2.54,3.27,1,0,0,CSE,Placed,3.4
5.9,90,69.57,85.76,72.71,0,3,7.97,6.98,0,0,0,CSE,Not Placed,
7.3,115,97.73,83.38,84.69,2,4,8.92,8.05,0,1,0,CSE,Placed,8.42
8.08,111,89.59,85.78,71.52,1,3,5.77,5.64,0,0,0,CE,Placed,7.34
4.95,109,92.8,77.14,64.75,1,5,2.19,5.85,0,4,0,IT,Placed,3.63
6.85,88,88.92,71.16,67.29,1,1,3.11,9.65,3,0,0,CSE,Not Placed,
8.17,92,50.9,77.26,66.01,1,1,3.56,8.07,0,1,0,IT,Not Placed,
9.44,87,80.48,81.73,72.79,1,5,5.78,2.84,1,1,0,ECE,Placed,7.51
7.24,77,74.79,69.76,67.36,1,3,5.14,1.55,1,1,0,CSE,Not Placed,
5.94,105,82.53,89.29,80.02,1,1,2.88,6.44,1,0,0,ECE,Not Placed,
7.03,129,96.86,67.09,70.98,2,1,3.8,6.37,0,0,0,ME,Not Placed,
8.01,100,73.26,64.41,68.04,3,2,8.84,4.22,0,0,0,IT,Placed,9.97
8.17,127,57.39,75.81,73.43,1,2,3.85,6.86,0,0,0,IT,Not Placed,
6.96,100,83.62,75.27,54.42,2,5,3.43,4.53,2,0,0,IT,Not Placed,
6.66,96,81.29,66.36,72.19,1,2,1.85,3.79,2,1,0,ME,Not Placed,
5.45,99,85.09,71.08,74.47,2,1,6.19,4.1,0,1,0,CSE,Not Placed,
9.02,99,77.84,66.58,56.99,0,3,4.06,8.27,0,1,0,EE,Not Placed,
8.05,71,65.68,81.2,63.98,1,8,8.89,2.78,0,2,0,CSE,Not Placed,
7.3,123,79.34,72.27,67.59,0,4,3.96,5.89,0,1,0,CSE,Placed,6.54
7.08,105,84.49,63.76,80.62,1,0,5.12,10.0,1,2,0,ECE,Not Placed,
8.37,96,84.96,58.6,67.22,2,4,6.05,7.02,1,1,1,CSE,Placed,7.3
6.53,136,79.79,68.79,81.67,1,4,6.52,8.51,0,0,0,CSE,Placed,6.08
6.96,113,67.15,65.39,69.05,1,3,5.91,7.21,0,1,0,IT,Placed,5.95
5.83,128,87.25,81.02,85.31,2,4,4.82,7.94,0,0,0,EE,Placed,3.26
8.75,91,91.84,85.83,65.41,1,1,9.09,7.56,0,0,2,CSE,Placed,10.18
7.02,114,83.61,65.81,87.56,1,2,2.55,5.25,1,1,0,ECE,Not Placed,
6.73,87,95.35,89.07,77.64,1,2,6.25,6.93,1,1,0,CSE,Placed,6.75
6.41,108,77.12,75.84,71.51,1,1,6.39,7.07,1,1,0,CE,Placed,3.59
7.76,92,85.51,72.65,64.79,0,4,5.17,5.79,0,0,0,IT,Not Placed,
6.05,95,63.77,94.91,47.78,0,2,7.88,7.39,0,1,9,IT,Not Placed,
7.2,85,80.07,63.86,78.45,4,2,7.24,6.46,1,1,0,CE,Placed,6.32
8.13,88,72.36,80.48,80.51,1,1,4.13,8.57,2,1,0,EE,Not Placed,
9.27,137,85.6,60.52,73.08,2,1,4.57,6.87,0,0,0,CSE,Placed,8.09
7.08,122,77.78,88.09,64.53,1,2,5.35,6.05,0,1,0,CSE,Placed,5.57
7.9,100,79.0,59.26,72.03,2,1,7.34,7.87,1,0,0,IT,Not Placed,
6.68,111,82.8,49.72,70.99,0,1,3.99,4.29,2,0,0,IT,Not Placed,
6.38,93,92.43,64.66,96.81,1,3,6.48,9.61,0,0,0,CSE,Placed,6.55
7.42,91,51.33,71.26,73.88,0,2,5.96,6.39,1,2,0,ME,Placed,7.69
7.49,89,87.18,66.62,69.72,0,2,4.22,8.72,0,0,0,IT,Not Placed,
6.06,111,71.13,85.92,83.47,5,5,5.86,8.08,1,0,0,ME,Placed,5.54
5.7,105,69.44,73.39,76.77,1,7,6.18,5.94,0,1,0,CSE,Placed,5.91
7.59,111,78.89,80.25,69.2,1,0,6.19,4.24,0,0,0,CSE,Not Placed,
6.7,104,98.52,61.36,86.6,1,3,7.41,6.25,0,1,0,CSE,Placed,6.65
7.59,106,77.8,71.25,67.77,2,4,5.52,8.32,1,0,0,CSE,Placed,6.76
7.84,101,76.34,85.86,73.57,2,4,8.03,4.81,1,0,0,ECE,Placed,6.56
6.08,103,80.85,74.41,88.99,1,4,5.93,3.74,0,0,0,CSE,Not Placed,
7.73,114,49.03,74.95,69.95,1,3,7.8,6.05,0,1,0,ME,Placed,7.78
7.13,96,67.56,75.85,70.34,1,6,3.41,4.15,0,0,0,IT,Placed,5.08
6.16,106,82.44,72.94,72.91,2,4,6.13,5.85,0,0,0,ME,Not Placed,
5.76,112,72.89,68.63,60.6,1,3,6.54,10.0,0,0,0,CSE,Placed,3.26
5.95,101,79.27,87.53,86.38,0,4,8.04,6.75,1,1,0,CSE,Not Placed,
6.1,105,81.9,86.77,77.4,1,0,5.99,8.51,0,0,0,CSE,Placed,5.56
6.72,85,90.56,82.9,58.99,2,2,4.03,5.22,1,1,0,CSE,Placed,7.32
6.7,118,58.4,66.43,70.35,0,3,4.0,6.3,0,1,0,CSE,Placed,5.32
8.62,80,75.43,61.42,93.03,2,1,8.6,5.7,1,0,5,ME,Not Placed,
7.6,98,77.38,87.33,76.58,0,2,4.41,4.06,0,0,0,CSE,Not Placed,
6.96,121,89.4,67.08,64.77,0,1,7.16,8.55,0,0,0,CSE,Not Placed,
8.25,90,59.45,77.17,78.93,2,2,3.02,5.94,0,1,0,ME,Placed,5.75
8.82,107,78.18,75.67,70.4,0,2,5.94,,1,0,0,CSE,Placed,7.38
7.48,90,90.16,77.71,89.83,1,0,6.74,3.81,0,0,0,CSE,Placed,5.33
7.6,121,59.26,72.44,79.62,0,1,7.75,,0,1,0,ECE,Placed,7.46
4.68,93,78.17,77.4,82.75,3,3,7.76,4.43,1,0,0,CSE,Placed,6.91
7.59,99,71.72,73.3,73.38,0,2,3.17,2.49,1,0,0,CE,Not Placed,
6.25,105,76.09,82.95,77.57,0,3,2.22,4.76,0,2,0,CE,Placed,2.5
7.45,87,86.55,78.95,62.25,1,4,5.5,6.46,0,1,0,EE,Placed,5.37
7.36,101,79.68,60.67,75.88,1,5,10.0,8.63,1,0,0,EE,Placed,9.11
8.36,97,78.22,62.89,85.04,1,0,9.95,6.42,1,0,0,CSE,Placed,9.28
6.67,94,74.74,78.27,64.25,3,3,5.24,6.79,1,0,0,CSE,Not Placed,
7.5,104,77.57,76.09,74.08,1,0,7.58,8.12,0,0,0,IT,Not Placed,
8.91,123,91.91,83.02,82.43,1,3,8.85,6.37,1,0,0,ME,Not Placed,
4.71,116,72.01,87.59,66.08,0,2,9.25,9.0,2,1,0,CSE,Not Placed,
6.52,108,74.95,71.87,72.8,1,6,2.66,3.36,0,3,0,CSE,Not Placed,
6.23,95,73.3,84.15,49.7,1,2,4.45,6.2,0,2,0,CSE,Placed,4.1
6.65,107,78.79,94.54,75.05,0,2,5.25,7.08,0,2,0,IT,Not Placed,
6.72,100,77.55,71.42,63.77,1,2,8.31,2.42,0,1,0,ME,Not Placed,
4.64,116,76.29,83.16,78.48,1,3,6.44,3.47,1,0,0,ECE,Not Placed,
7.61,82,67.14,86.43,66.54,1,4,9.39,5.58,1,2,1,IT,Not Placed,
5.93,89,88.65,69.25,59.22,0,0,4.58,3.78,0,1,0,ME,Not Placed,
7.31,95,79.05,59.86,68.51,2,1,5.76,6.27,2,0,0,CSE,Placed,7.16
5.7,86,66.77,83.13,78.79,1,3,7.61,7.97,0,1,0,CSE,Placed,7.81
6.9,85,100.0,76.2,73.01,1,5,5.68,3.53,1,0,0,ME,Placed,5.33
6.89,101,93.16,88.44,56.99,0,2,5.33,9.16,0,0,0,CE,Not Placed,
7.17,93,84.76,60.11,59.51,0,1,7.78,,0,2,7,ME,Not Placed,
6.7,97,83.18,71.97,74.62,1,2,8.13,10.0,2,0,0,ME,Not Placed,
6.15,113,71.11,71.62,74.32,0,4,7.91,9.21,1,2,13,CSE,Placed,6.37
6.05,90,75.66,73.81,68.32,1,1,3.23,8.63,1,1,0,IT,Not Placed,
9.8,118,74.42,91.85,86.94,1,4,8.67,6.59,0,2,0,IT,Placed,10.82
7.94,101,81.38,73.98,67.63,0,1,9.68,3.17,0,0,25,CSE,Not Placed,
7.02,89,82.08,59.66,70.14,0,4,8.1,4.87,0,3,0,IT,Placed,6.63
9.0,127,85.86,79.74,83.42,2,2,3.8,8.39,0,0,0,EE,Not Placed,
7.83,91,76.81,69.03,77.99,2,5,5.54,3.75,1,0,0,IT,Not Placed,
5.8,109,80.03,75.78,84.02,0,4,5.25,3.68,1,0,0,CSE,Not Placed,
6.95,129,92.0,56.33,59.32,1,1,7.99,4.6,0,0,0,ECE,Not Placed,
8.59,117,82.99,64.47,63.85,1,1,5.96,3.94,0,2,0,CSE,Not Placed,
5.69,82,72.37,83.39,76.1,1,4,5.39,7.21,1,0,0,IT,Not Placed,
7.95,122,77.09,60.45,59.57,1,3,3.36,6.8,0,0,0,CSE,Not Placed,
7.96,111,76.09,68.47,78.45,0,7,8.11,8.67,2,0,6,ECE,Placed,5.87
5.28,122,72.99,81.72,81.76,3,4,7.82,5.73,0,0,0,CE,Not Placed,
6.32,76,69.64,74.03,84.59,1,2,8.32,9.68,1,1,0,IT,Not Placed,
4.66,97,83.09,80.66,78.47,0,1,6.26,5.74,0,1,0,ME,Not Placed,
6.76,86,89.53,85.45,78.29,0,0,9.07,7.27,0,1,0,CSE,Placed,8.69
8.22,120,84.55,63.55,63.95,0,7,3.18,5.22,0,2,0,CSE,Placed,6.49
6.27,118,85.11,86.74,70.14,2,1,6.01,6.56,0,1,0,ECE,Placed,5.33
7.35,91,82.54,96.32,67.11,1,6,5.81,7.09,1,1,0,CE,Placed,4.23
7.65,118,85.71,76.83,73.43,0,3,8.47,7.35,1,1,0,IT,Not Placed,
7.23,110,98.44,77.81,69.38,0,2,6.06,4.32,1,0,2,ECE,Placed,4.9
4.8,104,68.9,76.95,77.68,1,1,6.76,5.04,0,0,0,IT,Not Placed,
7.7,87,78.55,79.41,68.46,1,4,1.96,4.42,1,1,0,EE,Not Placed,
6.0,97,73.1,78.56,88.54,4,3,6.17,6.17,0,1,1,CSE,Placed,5.81
6.36,97,79.39,77.63,71.05,1,5,2.66,4.1,2,2,0,CSE,Not Placed,
7.45,80,72.0,74.91,65.89,2,4,5.18,8.8,2,0,0,IT,Not Placed,
8.02,94,81.3,84.02,64.75,2,2,7.2,5.38,1,0,0,ECE,Placed,7.86
5.04,70,80.99,85.3,74.89,2,2,8.14,7.11,0,0,0,CSE,Not Placed,
7.87,127,68.23,63.1,63.21,0,4,5.36,6.44,0,0,0,EE,Placed,4.77
6.34,101,93.22,60.46,71.14,3,4,8.81,4.61,0,0,0,CE,Placed,6.2
6.91,116,76.62,72.07,60.49,0,1,6.01,5.26,0,0,0,IT,Not Placed,
6.27,83,55.97,72.29,66.73,2,4,6.38,6.64,1,1,0,IT,Not Placed,
6.88,70,61.5,73.91,83.13,0,3,4.57,6.34,0,2,0,CE,Not Placed,
4.0,105,70.7,60.88,78.7,1,2,6.74,5.39,0,1,0,EE,Not Placed,
7.39,82,63.31,82.88,68.91,0,2,6.27,8.49,0,1,0,CSE,Placed,7.06
8.09,70,61.7,79.33,76.86,0,3,8.05,4.92,0,0,0,CSE,Placed,7.05
6.36,99,100.0,70.93,69.93,2,1,3.67,4.7,0,1,0,IT,Placed,5.9
8.29,89,91.74,68.74,80.91,1,0,10.0,4.67,0,1,0,CSE,Placed,9.62
6.53,138,61.21,66.54,68.83,2,2,6.64,9.1,1,0,0,IT,Not Placed,
8.43,122,83.82,71.19,57.46,1,4,8.89,6.38,0,1,0,ME,Placed,8.73
6.83,104,71.58,75.96,67.55,2,5,6.46,5.83,0,0,0,CSE,Placed,7.03
6.06,111,82.32,90.7,74.61,1,3,4.18,6.74,0,1,0,ECE,Placed,3.69
7.01,116,66.32,72.83,67.96,3,2,3.32,7.88,0,2,0,ME,Placed,6.86
6.43,96,80.4,76.57,79.21,2,1,2.53,6.23,1,1,0,ECE,Not Placed,
7.14,70,67.97,79.84,60.38,0,1,3.7,6.32,0,4,0,CSE,Not Placed,
8.32,111,81.6,64.78,70.31,3,2,5.79,3.26,0,2,6,EE,Placed,6.92
5.72,99,100.0,66.55,78.53,1,3,6.77,3.42,0,0,3,ME,Not Placed,
7.31,101,83.96,73.66,80.67,0,2,0.0,5.35,0,0,0,ME,Not Placed,
5.82,78,100.0,72.55,64.69,1,3,6.06,6.38,1,1,0,ECE,Placed,3.36
8.22,121,100.0,67.48,77.87,3,5,5.83,7.42,0,0,0,CSE,Placed,8.99
7.24,78,86.46,70.46,60.2,1,4,6.52,5.6,1,2,0,CSE,Not Placed,
7.92,90,94.14,91.61,63.17,1,4,3.42,3.51,0,1,0,ECE,Placed,6.78
6.79,101,82.76,64.34,84.79,1,2,2.97,8.09,2,0,0,IT,Not Placed,
7.38,111,81.16,72.12,65.51,1,2,1.53,7.02,0,1,0,ME,Not Placed,
8.19,82,88.11,82.29,89.07,1,2,5.74,6.18,0,1,0,ECE,Placed,5.45
7.13,115,86.43,67.58,76.34,3,1,7.25,9.54,0,2,0,CSE,Placed,8.06
6.4,94,87.09,70.58,69.7,1,2,4.11,3.47,2,0,0,IT,Not Placed,
7.89,101,94.29,68.46,71.87,0,1,6.73,5.44,1,1,0,CSE,Not Placed,
8.14,112,75.98,78.3,73.82,3,4,7.48,5.27,0,0,3,CSE,Placed,9.49
6.7,108,87.9,64.22,78.93,1,1,2.75,5.19,0,0,0,CSE,Not Placed,
7.07,107,72.79,77.47,67.17,3,5,5.15,6.27,0,0,0,ECE,Placed,7.95
5.78,106,70.06,70.44,78.12,1,3,8.45,6.18,0,1,0,ME,Not Placed,
7.4,70,73.76,92.15,75.31,1,5,6.27,7.13,1,1,0,ECE,Placed,5.28
7.13,100,72.15,68.47,63.21,2,2,7.7,3.85,0,0,0,IT,Not Placed,
7.74,95,61.95,89.67,77.42,1,0,2.17,5.58,0,0,0,CSE,Not Placed,
8.75,112,61.13,73.48,70.15,2,3,6.99,5.34,1,1,0,ECE,Placed,9.39
7.16,87,74.18,72.68,72.11,1,3,4.86,9.54,0,0,0,EE,Not Placed,
6.0,82,89.81,63.78,67.27,1,2,6.25,6.31,1,0,0,CSE,Not Placed,
6.72,108,61.97,71.32,76.41,2,3,6.32,4.13,0,1,0,IT,Not Placed,
7.22,112,69.68,66.42,67.33,1,2,3.23,6.66,0,0,0,EE,Not Placed,
7.36,99,95.98,69.9,80.06,0,1,4.29,4.3,0,2,0,CSE,Placed,6.71
4.0,72,74.93,89.44,76.22,1,4,6.5,2.53,0,1,0,IT,Not Placed,
7.55,100,71.93,61.62,70.12,0,2,7.74,5.0,1,0,0,IT,Not Placed,
6.93,101,73.65,78.57,87.43,0,2,6.73,7.19,1,0,0,IT,Not Placed,
5.18,74,73.45,82.63,58.73,0,6,3.53,6.36,0,0,3,CSE,Not Placed,
7.4,101,90.39,63.57,85.85,1,2,7.03,7.31,1,2,0,CE,Placed,7.48
7.43,92,75.66,63.61,76.92,0,4,5.35,3.53,1,4,0,IT,Placed,6.72
6.38,101,99.1,85.9,79.46,2,1,8.37,4.69,0,0,0,ECE,Placed,4.5
8.95,81,61.03,84.8,72.15,3,3,7.63,7.07,0,1,0,CSE,Placed,9.21
5.76,97,87.2,70.5,66.02,2,7,8.24,5.78,0,3,0,ME,Placed,7.58
7.6,126,67.7,67.06,73.08,1,3,10.0,5.49,0,0,0,ME,Placed,7.2
6.71,109,73.32,77.57,75.22,0,4,3.03,6.88,1,0,0,ECE,Placed,5.8
8.5,98,60.5,73.68,71.22,2,4,6.25,6.3,0,1,1,CSE,Placed,7.83
6.47,70,85.39,85.37,64.73,3,5,6.2,6.96,1,0,0,ECE,Placed,4.21
7.61,93,78.35,75.76,64.61,2,3,6.59,6.83,0,2,0,EE,Placed,9.47
5.7,92,60.09,56.66,75.85,0,2,5.37,7.51,0,4,0,CSE,Not Placed,
7.43,106,59.76,74.93,73.66,4,0,5.85,4.37,1,0,0,EE,Not Placed,
6.48,83,85.77,69.23,77.85,0,1,6.55,5.01,1,0,0,CE,Not Placed,
6.46,123,68.89,60.57,70.22,3,3,3.41,8.59,0,0,0,ME,Placed,4.83
8.81,72,52.79,82.51,59.16,0,1,1.16,,0,1,0,EE,Placed,6.46
7.09,84,77.15,58.57,67.08,1,2,9.04,7.0,1,2,0,ECE,Not Placed,
7.62,99,76.75,78.04,76.69,2,2,4.96,4.61,0,0,0,CSE,Placed,8.29
7.44,107,77.05,81.22,72.02,1,2,4.59,3.85,0,1,0,ECE,Placed,5.19
7.04,99,93.2,62.54,96.21,4,2,7.32,5.89,1,1,0,CSE,Placed,7.59
7.25,120,76.67,67.1,68.94,2,2,6.19,9.43,0,4,0,IT,Placed,9.58
6.71,87,94.5,75.09,82.17,0,3,5.95,9.51,1,1,0,CSE,Placed,5.88
6.48,93,77.04,79.52,48.2,1,0,7.27,7.12,2,3,0,IT,Not Placed,
6.61,101,76.32,71.4,75.69,3,2,4.66,8.44,0,0,0,EE,Not Placed,
6.97,90,93.4,79.94,79.73,1,4,8.24,2.6,1,0,0,CSE,Not Placed,
7.0,112,71.05,70.48,56.6,0,1,1.61,7.66,1,3,0,IT,Not Placed,
8.14,95,75.16,74.43,65.01,3,1,7.95,6.28,1,1,0,IT,Not Placed,
10.0,72,77.68,61.52,79.34,1,4,7.36,6.33,0,1,0,IT,Placed,9.42
6.46,93,75.76,65.41,60.97,1,2,5.67,5.17,1,0,0,EE,Not Placed,
7.07,100,82.67,51.53,81.15,2,3,3.83,6.87,0,0,0,CSE,Not Placed,
5.41,112,70.99,71.97,68.13,0,2,5.02,7.39,1,1,0,ECE,Not Placed,
5.31,94,85.48,70.26,60.09,0,2,5.28,5.39,0,1,0,EE,Not Placed,
7.36,107,85.4,78.03,73.42,1,1,3.15,6.01,1,2,0,ECE,Not Placed,
7.98,120,92.49,67.45,72.46,2,3,5.79,7.57,0,1,0,EE,Placed,6.07
7.67,86,99.87,59.67,70.89,1,2,4.95,6.41,0,2,0,EE,Placed,6.74
7.42,117,76.24,82.7,64.85,0,2,3.79,8.39,1,0,0,CSE,Not Placed,
8.63,70,67.88,74.45,76.7,0,2,9.08,3.53,1,0,0,CSE,Not Placed,
4.94,83,64.58,80.37,72.29,2,1,5.62,7.94,1,2,0,IT,Not Placed,
8.77,92,78.38,80.09,82.72,2,3,6.6,2.61,0,1,0,CSE,Placed,10.0
5.59,114,95.68,79.13,74.23,1,5,5.48,6.19,0,1,0,IT,Placed,5.35
5.95,116,62.89,75.72,57.68,4,4,6.08,3.52,0,0,0,IT,Placed,6.53
7.77,100,56.48,80.04,65.65,2,3,2.59,5.89,3,1,3,CSE,Not Placed,
8.67,100,90.47,67.76,75.46,2,5,4.58,2.71,1,1,0,IT,Not Placed,
7.04,84,61.67,72.63,79.24,0,1,8.85,5.64,0,2,0,ECE,Placed,4.88
6.48,115,65.19,76.6,75.02,2,4,5.0,3.81,1,2,0,IT,Placed,6.97
8.42,112,78.3,70.89,70.61,0,4,6.94,3.72,0,0,0,CE,Placed,5.13
5.48,128,90.42,63.4,81.58,0,1,8.64,3.94,1,0,4,CSE,Not Placed,
6.86,109,67.63,67.45,69.32,1,2,5.66,8.41,0,0,8,EE,Not Placed,
8.73,117,85.64,54.24,71.03,1,4,7.51,6.12,1,1,0,ME,Not Placed,
4.18,102,68.89,85.99,70.01,2,2,8.52,3.59,0,0,0,IT,Not Placed,
6.55,109,94.19,99.07,78.02,2,3,9.1,4.97,0,1,0,CE,Placed,4.52
7.47,117,84.67,70.2,70.27,2,2,9.17,5.27,1,0,0,IT,Placed,9.2
4.49,114,72.15,54.51,85.77,0,2,5.4,6.26,1,2,0,CSE,Not Placed,
7.5,136,96.51,85.43,68.65,1,2,9.11,7.4,0,1,0,CE,Placed,6.38
8.31,118,67.02,86.26,64.48,0,0,7.86,4.44,1,0,0,CSE,Not Placed,
7.5,113,80.21,84.37,63.84,1,1,5.02,5.97,1,1,0,ECE,Placed,7.42
6.64,115,85.61,60.88,65.7,3,1,6.14,4.72,0,2,0,ME,Placed,6.84
6.47,86,65.87,88.73,68.11,2,1,7.91,8.95,0,1,0,IT,Placed,6.4
5.92,97,78.21,83.28,72.68,2,6,5.41,5.2,0,1,0,CSE,Not Placed,
8.9,86,70.51,77.1,62.48,0,3,5.98,2.54,0,0,0,EE,Placed,7.34
8.12,111,76.03,77.8,72.13,0,1,5.86,6.35,0,0,0,ME,Placed,5.95
5.27,109,76.78,82.06,74.94,0,4,4.51,3.23,0,3,0,CSE,Placed,3.4
6.92,111,77.93,76.23,68.59,0,4,10.0,6.67,1,0,0,ME,Placed,8.17
6.82,90,73.66,93.98,66.24,5,4,6.89,5.49,1,2,0,ECE,Placed,8.58
8.24,104,74.79,66.89,71.82,0,2,1.37,6.54,0,2,0,IT,Placed,4.24
5.46,88,71.07,88.8,65.64,1,3,6.52,7.27,0,0,0,IT,Not Placed,
7.96,90,63.82,68.14,85.04,1,1,8.75,8.02,0,0,0,IT,Not Placed,
7.33,111,69.56,76.64,60.84,0,4,6.78,4.98,1,1,0,ME,Placed,5.16
6.58,93,77.34,72.39,79.39,2,0,4.56,,0,1,0,ECE,Not Placed,
6.85,98,71.22,65.57,53.85,3,1,4.15,3.82,1,0,0,CE,Not Placed,
7.68,104,74.66,94.03,71.39,0,3,9.02,5.15,1,1,0,CSE,Not Placed,
7.11,111,77.46,77.65,66.55,1,3,6.44,6.35,0,0,0,ECE,Placed,7.89
6.13,119,81.45,61.49,64.72,1,1,3.74,4.26,0,0,5,EE,Not Placed,
6.22,113,47.37,64.77,74.63,2,3,5.08,5.41,1,2,0,ECE,Not Placed,
6.72,85,92.44,80.23,78.84,2,3,5.14,6.06,0,0,0,CSE,Not Placed,
6.75,98,74.34,78.59,67.15,2,2,6.23,4.6,1,3,5,CSE,Not Placed,
4.77,87,80.03,79.0,76.25,1,4,3.23,4.13,2,0,17,IT,Not Placed,
5.72,119,85.41,66.76,73.33,2,3,4.28,6.75,0,0,0,IT,Not Placed,
8.94,88,98.94,77.01,82.18,2,2,8.41,6.78,0,2,0,CSE,Placed,9.6
5.12,76,75.35,77.71,89.88,0,1,7.2,6.61,0,2,1,ECE,Not Placed,
6.98,106,100.0,76.32,73.31,0,3,6.03,2.39,0,1,0,ECE,Not Placed,
6.54,104,70.81,60.28,79.01,2,3,2.85,4.74,0,2,0,CSE,Placed,4.56
7.22,88,65.32,85.8,68.0,3,0,7.64,6.76,1,2,0,ECE,Not Placed,
6.4,99,83.56,76.09,76.72,2,2,4.89,0.0,0,0,0,CSE,Not Placed,
8.74,113,70.32,74.38,67.64,0,2,6.6,6.76,0,1,0,IT,Placed,9.02
6.98,90,73.9,85.74,81.65,3,5,6.04,8.88,1,2,0,ME,Placed,4.17
5.21,84,85.59,63.23,83.33,0,1,7.07,6.23,1,2,0,ECE,Not Placed,
6.53,116,72.75,79.58,68.35,2,5,3.04,7.32,1,0,0,EE,Not Placed,
8.08,103,76.82,53.03,70.84,1,3,2.9,6.22,0,0,0,IT,Placed,6.74
6.89,132,78.74,50.86,69.24,2,2,3.89,7.43,0,2,0,IT,Placed,6.49
6.53,97,64.64,86.51,75.67,2,3,5.9,7.88,0,0,0,ME,Placed,4.02
6.97,79,81.64,61.22,71.46,0,4,6.91,7.54,1,3,0,CSE,Not Placed,
7.23,112,80.15,89.11,62.98,1,4,4.37,7.86,0,2,0,ME,Placed,4.85
7.51,130,73.98,70.43,87.01,1,3,5.9,4.93,2,1,0,ME,Not Placed,
6.99,98,76.67,85.93,60.38,1,2,6.69,6.09,0,3,23,ECE,Placed,7.38
4.85,106,85.6,57.07,64.34,0,2,4.33,3.47,0,1,0,CSE,Not Placed,
6.88,88,72.67,71.33,69.39,0,1,5.49,3.96,0,2,0,ECE,Placed,6.86
8.03,101,76.07,73.01,79.0,2,1,3.38,5.38,1,1,0,CSE,Not Placed,
7.78,70,72.28,60.42,67.53,0,3,1.79,8.94,0,1,0,ME,Not Placed,
6.36,90,79.34,77.76,79.29,0,3,4.97,5.21,0,0,5,CSE,Not Placed,
6.35,104,81.55,67.32,73.27,0,0,3.85,8.82,0,1,0,ME,Placed,3.11
6.4,95,92.07,68.44,74.75,0,3,4.82,3.52,2,1,0,CSE,Not Placed,
7.23,98,71.45,78.06,82.98,1,8,4.49,8.1,0,0,0,ME,Placed,5.98
7.1,121,71.22,85.13,76.65,2,1,8.05,6.45,1,0,0,ECE,Placed,6.47
6.36,118,78.15,78.41,74.4,2,2,4.96,6.65,0,2,0,IT,Not Placed,
6.13,106,98.74,82.19,76.8,1,0,5.3,7.02,0,1,0,ECE,Not Placed,
6.75,72,73.68,69.13,71.45,3,3,5.02,5.46,0,0,0,CE,Placed,4.05
4.82,130,82.07,88.35,65.64,1,6,5.24,6.37,0,1,0,CSE,Not Placed,
8.46,107,73.5,72.59,57.6,0,1,7.25,7.29,0,1,0,IT,Placed,7.55
7.67,94,68.84,82.64,70.07,0,3,6.95,6.39,0,1,0,ECE,Not Placed,
5.39,104,90.27,82.77,65.15,3,4,4.55,7.63,1,1,0,CSE,Not Placed,
5.01,86,77.84,93.39,67.53,1,2,5.54,8.04,0,0,7,CSE,Placed,3.63
7.95,93,84.73,85.59,65.14,0,2,9.33,6.8,0,1,0,IT,Not Placed,
5.73,118,70.74,74.54,76.58,1,1,6.66,6.6,1,1,0,ECE,Not Placed,
7.96,91,70.13,68.95,66.0,0,4,5.5,4.64,0,2,0,CSE,Not Placed,
7.78,106,75.97,66.53,61.11,1,2,6.31,3.88,0,0,0,CSE,Placed,5.88
8.92,97,78.78,64.8,81.76,1,2,7.47,2.78,0,0,15,IT,Placed,9.52
7.39,103,77.48,88.36,63.82,0,2,3.87,4.2,0,0,12,EE,Not Placed,
6.17,109,66.26,90.61,51.07,2,2,5.4,7.03,0,0,0,CSE,Placed,5.3
7.85,110,85.55,77.43,75.19,2,0,5.96,5.64,1,3,0,ECE,Placed,8.1
7.96,123,74.35,72.45,79.46,2,6,4.46,5.18,1,1,8,CE,Not Placed,
8.02,91,100.0,71.6,75.32,0,3,4.46,8.18,1,1,0,ECE,Placed,7.32
8.61,109,74.73,72.59,60.16,0,5,3.75,7.7,0,0,0,CSE,Placed,9.51
5.14,100,97.67,74.61,83.98,0,3,8.09,7.22,1,1,0,EE,Not Placed,
5.51,94,88.9,75.84,70.97,1,3,4.83,4.93,0,1,17,IT,Not Placed,
7.65,103,73.62,76.81,70.73,0,5,9.59,8.61,0,0,9,ECE,Placed,6.87
7.01,96,84.25,82.42,60.76,1,1,6.31,5.01,1,1,0,IT,Not Placed,
6.82,111,89.7,54.09,60.47,1,3,4.29,7.54,0,0,0,IT,Placed,6.01
8.87,70,84.59,90.01,68.99,0,4,8.33,7.22,0,2,0,ECE,Placed,5.97
7.52,96,74.12,62.0,75.18,1,1,4.03,3.75,0,2,0,IT,Not Placed,
4.68,87,78.42,87.49,71.12,0,1,3.48,5.86,0,1,0,IT,Not Placed,
4.95,95,80.73,73.82,74.18,2,1,4.7,4.41,0,1,23,ECE,Not Placed,
7.25,95,73.53,65.3,84.37,1,4,5.99,6.67,0,1,0,IT,Not Placed,
6.86,107,77.11,82.94,58.76,3,2,5.7,6.24,0,3,0,ECE,Placed,5.41
7.45,85,70.67,79.65,80.17,2,3,4.67,4.28,0,4,0,ECE,Placed,7.16
7.06,87,90.26,88.82,65.65,0,6,5.78,7.81,0,0,0,ME,Placed,5.74
6.1,105,76.25,63.99,65.68,2,1,6.22,5.67,1,0,0,ECE,Not Placed,
7.27,81,70.59,71.82,68.25,1,1,8.14,9.27,0,1,0,IT,Not Placed,
7.11,86,69.83,58.42,67.26,1,2,4.86,3.22,2,1,0,IT,Not Placed,
6.45,96,67.25,76.18,72.64,2,3,6.53,6.24,0,2,0,ECE,Placed,4.91
7.3,111,76.39,75.72,76.26,4,1,7.98,3.91,2,2,0,EE,Not Placed,
6.7,99,70.81,85.45,54.25,3,2,7.2,8.46,1,1,0,ECE,Not Placed,
7.07,99,65.65,58.59,77.41,2,2,8.08,6.36,0,0,0,CE,Placed,6.76
7.98,74,66.3,81.49,82.98,0,3,4.93,5.19,1,2,0,EE,Not Placed,
6.16,89,52.4,74.65,69.51,2,7,4.59,6.02,0,0,0,ECE,Placed,4.29
7.12,97,66.88,60.85,71.24,3,2,8.25,5.93,0,0,0,CSE,Not Placed,
7.33,123,95.95,85.86,80.36,0,2,8.16,10.0,1,3,0,ECE,Placed,8.1
7.12,106,83.22,63.19,63.23,0,1,6.1,7.27,0,1,0,CSE,Placed,3.23
6.96,125,94.33,75.39,76.85,1,3,5.5,6.28,0,2,6,ME,Not Placed,
5.18,126,74.07,82.45,75.8,3,2,5.32,6.0,0,0,0,IT,Not Placed,
7.95,122,58.46,75.38,70.85,1,2,6.51,4.32,0,0,0,CE,Placed,7.94
6.64,93,93.47,64.35,58.81,3,1,4.73,6.77,0,2,0,CSE,Not Placed,
8.34,122,79.54,74.9,66.98,0,1,8.05,2.84,0,1,0,IT,Not Placed,
7.61,104,80.74,87.24,65.4,0,0,8.57,9.01,0,1,0,CSE,Not Placed,
8.61,99,85.82,69.43,85.95,2,2,8.04,5.06,0,2,0,CSE,Placed,10.5
7.85,98,91.37,75.18,73.93,1,3,5.0,10.0,0,0,0,IT,Placed,6.63
6.19,70,74.51,70.13,71.8,2,4,5.37,5.26,1,0,0,ECE,Not Placed,
7.26,70,76.11,70.63,73.48,1,2,10.0,7.67,0,1,0,CSE,Placed,7.98
6.87,103,52.42,73.75,69.84,1,1,4.87,7.45,2,0,0,IT,Not Placed,
6.78,91,80.4,89.07,66.49,2,1,4.56,4.61,0,1,0,ECE,Placed,7.46
7.41,88,67.12,84.55,72.47,2,3,8.25,4.12,1,3,0,EE,Placed,8.61
8.1,103,75.41,100.0,52.57,3,2,8.58,4.86,2,1,0,IT,Placed,9.78
4.73,97,89.88,73.45,79.27,0,1,6.65,4.14,0,1,0,IT,Not Placed,
7.43,97,91.58,68.5,89.77,2,1,8.68,5.75,0,2,0,IT,Placed,7.42
7.77,110,73.95,83.42,66.32,2,4,10.0,5.29,1,1,0,EE,Not Placed,
6.71,96,79.97,90.42,74.8,0,0,10.0,2.59,0,1,2,IT,Not Placed,
7.97,135,61.59,90.55,72.23,2,2,7.33,2.64,0,3,0,IT,Placed,10.05
6.98,115,95.23,69.86,64.86,0,2,6.23,8.02,1,0,6,ECE,Not Placed,
7.64,76,89.92,50.69,88.88,2,1,4.63,7.7,2,1,0,IT,Not Placed,
7.43,111,70.77,57.13,71.22,3,2,6.66,5.47,1,3,1,ME,Placed,6.05
5.89,91,79.37,87.75,67.1,0,1,7.75,10.0,0,1,0,ECE,Not Placed,
5.14,127,82.64,69.51,75.11,1,4,7.86,6.24,1,2,10,ECE,Placed,4.94
5.98,106,75.89,84.53,72.82,0,2,6.36,7.6,0,2,0,CE,Not Placed,
7.38,99,85.18,69.35,65.01,0,3,7.88,6.49,0,0,0,ME,Not Placed,
6.39,70,72.74,72.96,82.48,3,2,5.8,3.96,0,1,0,CSE,Placed,7.58
6.61,100,61.37,64.39,77.53,0,2,5.5,5.54,1,3,0,ECE,Not Placed,
6.05,126,86.98,67.18,79.92,1,4,6.33,5.37,0,0,0,IT,Not Placed,
6.1,87,97.34,68.14,71.92,3,0,9.51,8.43,1,0,0,ECE,Not Placed,
7.17,101,77.51,63.9,62.82,4,3,5.74,4.92,1,0,7,IT,Placed,7.52
7.83,91,78.34,80.03,70.78,4,1,10.0,4.87,0,1,0,CSE,Placed,9.93
7.74,107,66.53,81.34,70.24,0,4,10.0,6.75,0,0,0,IT,Placed,9.27
8.15,90,78.13,81.51,61.33,0,4,3.94,4.57,0,0,0,IT,Placed,5.13
8.78,96,75.47,67.61,49.12,3,2,4.15,5.52,0,1,0,EE,Not Placed,
5.1,89,95.1,73.35,68.42,1,2,6.56,5.97,0,1,0,CSE,Placed,5.43
7.5,90,84.07,64.9,76.19,0,1,2.99,5.63,0,2,0,ECE,Not Placed,
8.49,118,77.05,79.62,73.43,3,3,7.05,9.09,0,3,0,CSE,Placed,7.41
7.13,83,76.0,65.6,63.91,0,4,8.28,6.42,2,0,0,CSE,Not Placed,
8.08,111,76.48,81.37,63.34,4,3,6.42,6.38,0,0,0,EE,Placed,4.99
5.74,97,56.94,71.12,70.84,0,0,6.83,5.79,0,0,4,CSE,Placed,5.02
7.81,78,61.73,89.33,57.96,3,2,6.26,6.21,1,0,3,CSE,Placed,5.6
7.6,84,80.0,79.32,70.18,0,3,6.27,5.98,0,2,0,ME,Not Placed,
5.48,104,66.62,82.18,58.55,3,4,6.67,7.11,2,1,0,CE,Placed,4.67
7.17,71,56.16,82.08,75.19,1,0,6.0,6.25,2,0,0,ECE,Not Placed,
8.24,89,81.76,80.21,68.47,3,2,7.32,8.07,0,2,0,ECE,Placed,8.1
7.46,108,83.38,69.46,68.92,0,2,4.66,5.44,0,0,0,CSE,Not Placed,
6.23,88,99.43,86.04,63.61,1,1,6.96,6.86,0,0,0,ECE,Not Placed,
6.37,89,64.37,80.15,84.78,1,1,5.58,2.26,1,1,0,ECE,Not Placed,
6.74,97,78.76,68.08,63.93,1,0,5.44,6.45,2,2,0,IT,Not Placed,
6.47,114,76.71,70.6,59.51,4,3,4.51,6.26,0,0,0,ME,Placed,5.77
6.9,112,64.8,95.36,74.21,1,1,4.97,8.05,0,1,0,ECE,Placed,5.73
7.83,99,67.84,86.52,78.56,1,3,5.54,5.06,0,0,0,ECE,Placed,6.62
6.81,91,87.06,61.28,70.93,5,4,3.86,5.57,1,0,0,IT,Not Placed,
6.74,95,76.81,73.63,71.43,0,5,7.76,7.44,0,2,0,CSE,Placed,7.16
8.61,70,66.15,72.75,89.06,1,1,9.22,4.91,1,3,0,ECE,Placed,7.68
6.41,98,83.71,85.53,83.94,0,2,4.95,8.71,0,3,0,ECE,Placed,6.62
5.28,97,64.17,68.22,78.96,1,2,3.82,5.92,0,1,0,IT,Not Placed,
5.59,113,83.83,94.45,71.39,2,2,7.81,7.02,2,2,0,CSE,Not Placed,
5.37,86,68.63,81.7,61.63,0,3,6.38,7.72,1,3,0,IT,Placed,4.51
6.05,107,76.9,86.04,63.87,1,2,7.5,4.94,0,1,1,CSE,Not Placed,
7.36,107,80.98,72.33,70.33,2,3,9.24,7.32,0,0,0,CSE,Placed,8.64
5.58,95,75.58,89.96,87.34,3,0,8.44,7.93,0,0,0,ECE,Not Placed,
8.55,88,74.65,81.5,60.33,1,4,6.0,2.58,0,0,0,ME,Placed,6.47
5.49,90,79.7,66.86,68.52,4,3,3.0,,1,1,0,ECE,Not Placed,
7.17,74,69.06,69.78,73.5,2,1,6.1,6.62,1,0,0,CE,Placed,8.68
8.27,116,80.15,76.66,63.7,1,2,10.0,8.62,0,1,0,ECE,Placed,8.57
5.98,98,82.6,69.63,72.52,1,3,3.84,4.22,3,1,2,IT,Not Placed,
7.62,100,73.17,64.95,73.41,1,2,4.92,7.59,0,0,6,IT,Placed,6.91
7.25,97,90.45,98.97,75.66,3,2,3.4,3.17,2,2,0,IT,Not Placed,
8.42,120,72.93,63.97,84.99,2,1,2.3,8.18,0,1,0,ME,Placed,5.94
6.4,111,92.88,90.91,59.45,1,5,7.51,6.31,1,1,0,CE,Not Placed,
7.45,83,64.2,61.29,79.3,3,1,2.43,4.27,0,3,0,ECE,Placed,4.47
6.24,118,70.58,81.97,72.82,1,3,6.84,8.43,1,0,0,CSE,Not Placed,
8.31,145,75.23,79.02,69.34,1,2,5.25,1.79,1,0,0,CSE,Not Placed,
8.13,107,81.23,77.32,70.19,3,1,2.89,5.66,0,3,0,CSE,Placed,8.9
5.9,145,83.46,72.03,74.75,0,4,5.45,6.14,1,1,0,ECE,Placed,4.95
9.56,91,79.43,78.97,79.25,2,3,5.41,5.38,3,0,0,CSE,Placed,9.31
6.48,92,66.72,73.35,87.24,3,1,6.19,10.0,0,5,0,ME,Placed,4.64
5.88,94,60.16,70.29,76.38,0,7,4.73,6.27,1,0,0,CSE,Not Placed,
6.79,108,79.3,86.58,74.18,2,3,6.79,5.43,1,1,0,CSE,Not Placed,
7.06,97,69.93,76.76,70.43,1,4,7.98,8.29,1,0,0,ECE,Placed,8.59
6.66,98,72.58,74.01,71.26,1,2,5.24,5.2,0,2,0,IT,Placed,5.67
7.39,89,74.4,97.49,65.17,3,3,8.05,10.0,0,1,12,CE,Placed,8.14
6.09,119,73.34,71.78,77.84,0,2,10.0,9.08,1,0,0,IT,Placed,5.38
4.6,89,80.01,78.48,62.98,3,3,6.9,8.94,0,2,0,IT,Not Placed,
8.0,109,84.14,69.36,53.18,3,1,4.45,6.95,1,0,0,ME,Not Placed,
6.81,105,79.0,66.08,81.74,1,3,10.0,5.82,0,1,0,ME,Placed,6.18
7.48,99,76.03,90.92,75.06,1,2,6.31,10.0,1,2,0,CE,Not Placed,
7.86,76,64.28,82.97,69.1,0,2,6.82,6.88,0,1,0,IT,Placed,5.62
6.16,109,91.73,77.9,81.64,1,1,6.75,5.13,0,0,0,IT,Placed,4.69
4.89,113,81.86,65.81,73.02,0,3,0.66,6.09,0,2,0,CE,Not Placed,
5.41,84,73.92,64.25,72.39,0,1,4.7,4.06,1,0,0,CSE,Not Placed,
7.5,102,71.94,82.05,74.5,1,1,5.74,9.66,2,0,0,CSE,Not Placed,
5.65,96,85.46,72.67,62.81,1,3,5.4,4.28,0,1,0,CSE,Not Placed,
6.74,102,72.37,80.73,76.27,1,1,8.56,5.33,0,1,0,CE,Placed,6.56
8.23,92,72.31,63.53,69.71,0,2,8.74,4.93,0,0,0,ME,Placed,8.1
7.32,83,94.42,75.02,66.43,1,1,5.07,7.65,1,2,0,CE,Not Placed,
6.53,120,96.21,86.87,65.45,2,2,4.3,4.85,0,0,5,IT,Placed,5.4
7.11,110,91.57,77.5,68.47,0,1,9.69,7.45,0,1,0,CE,Not Placed,
7.62,98,87.45,89.24,91.84,3,5,4.09,6.02,0,2,4,ME,Not Placed,
9.2,108,76.64,64.91,70.3,1,1,5.89,5.45,2,1,0,CSE,Placed,7.16
8.13,99,79.18,87.21,84.5,1,2,2.14,6.55,0,1,0,ME,Not Placed,
6.04,119,89.52,88.4,64.31,0,3,6.42,6.35,0,1,0,ME,Placed,5.97
6.99,107,82.53,76.42,60.53,1,2,3.97,7.49,0,0,0,CSE,Not Placed,
5.7,112,87.77,51.03,81.59,1,3,5.9,4.16,3,0,0,EE,Not Placed,
5.79,111,67.06,82.09,76.63,1,4,2.0,4.86,2,3,0,EE,Not Placed,
7.93,107,84.76,72.17,77.91,0,1,7.2,6.9,0,1,15,CSE,Placed,6.57
6.46,117,90.75,72.85,55.63,0,3,6.32,6.47,1,0,0,CSE,Not Placed,
5.63,109,73.47,70.85,75.41,0,1,6.64,6.01,1,0,0,CE,Not Placed,
6.35,124,79.46,79.77,75.61,3,5,7.99,5.54,0,1,0,ME,Placed,6.28
5.96,97,74.94,59.58,74.65,1,4,5.04,4.02,0,0,0,ME,Not Placed,
7.1,104,78.24,72.66,71.01,1,3,7.15,7.86,0,1,0,ECE,Placed,6.07
5.35,114,64.03,83.1,77.51,1,2,8.26,7.9,0,1,0,CE,Placed,5.8
7.08,100,68.13,79.72,64.8,2,5,6.68,6.01,0,0,0,ECE,Placed,7.46
7.37,84,66.07,92.53,80.03,0,3,5.08,10.0,2,3,5,CE,Placed,3.55
5.2,106,85.53,68.29,79.19,1,7,6.14,6.68,0,1,0,IT,Placed,4.44
6.79,103,77.69,74.71,68.09,1,3,7.02,8.63,0,0,2,IT,Placed,6.63
8.96,91,71.57,85.36,72.73,0,1,8.74,5.93,1,0,0,IT,Placed,8.74
7.07,96,90.36,69.59,72.13,3,2,7.4,7.68,0,0,0,ECE,Not Placed,
10.0,99,75.01,88.16,73.29,0,4,5.27,6.91,0,1,0,CSE,Placed,9.93
8.61,82,75.79,75.1,78.44,1,3,5.54,4.42,2,1,6,IT,Placed,8.53
8.09,115,79.2,100.0,71.71,0,2,5.38,7.83,1,0,0,ECE,Placed,6.63
7.37,120,97.55,53.67,81.29,0,7,4.57,,1,2,0,CSE,Placed,6.95
6.13,116,63.34,75.27,75.87,4,5,6.84,6.28,0,1,0,CSE,Placed,6.07
8.19,84,74.97,85.54,74.29,2,1,10.0,6.88,0,1,0,CE,Not Placed,
7.02,98,66.72,43.05,69.24,1,4,5.58,7.19,1,2,0,IT,Not Placed,
6.84,78,78.2,63.69,69.4,2,1,9.85,3.28,1,0,3,ECE,Not Placed,
7.96,82,88.63,69.75,68.41,0,1,9.5,6.71,3,1,0,ECE,Not Placed,
8.03,77,84.07,63.54,60.9,0,3,3.37,6.53,0,0,0,EE,Placed,4.2
7.16,119,78.79,69.24,78.27,1,3,1.81,4.99,0,1,0,IT,Placed,4.59
7.69,91,75.17,69.21,40.9,1,6,4.42,8.49,1,1,0,CE,Placed,5.46
9.13,72,79.46,60.94,61.25,1,2,5.27,7.26,0,1,0,CSE,Placed,7.77
5.57,93,83.45,100.0,65.94,1,3,4.81,5.09,1,0,0,CSE,Not Placed,
6.55,103,64.88,75.31,73.82,4,1,5.7,5.87,1,0,4,CSE,Not Placed,
4.93,106,64.96,93.38,65.37,1,2,5.09,9.16,0,1,0,CSE,Not Placed,
6.06,109,71.37,63.5,64.53,1,1,7.35,6.44,2,0,0,CE,Not Placed,
8.25,91,75.47,79.2,68.13,0,3,5.38,6.78,0,2,0,CSE,Placed,9.3
5.07,104,73.15,56.21,71.99,1,3,5.53,3.99,1,2,1,ECE,Not Placed,
8.26,87,93.66,59.28,61.76,2,2,4.07,4.62,0,0,0,ECE,Placed,4.52
5.69,80,77.1,65.96,66.36,2,2,6.16,7.96,0,1,0,CSE,Not Placed,
6.92,107,77.47,87.57,81.24,2,4,6.78,3.94,1,1,0,ME,Placed,6.7
8.32,96,73.4,69.52,71.36,0,1,7.4,7.78,0,1,0,IT,Placed,7.67
8.49,103,85.47,83.64,70.5,2,3,4.39,6.05,0,0,0,CSE,Placed,8.0
7.63,88,82.57,71.94,66.32,0,1,6.31,9.52,0,1,0,IT,Placed,4.72
7.93,117,93.03,77.78,83.67,2,1,5.14,9.93,0,1,0,CSE,Placed,7.14
8.9,121,80.81,69.08,91.24,0,4,5.33,9.46,0,0,0,IT,Placed,8.39
5.5,112,74.32,65.19,68.38,0,5,5.49,5.43,1,0,1,CSE,Not Placed,
9.79,104,80.38,60.24,68.37,1,3,5.02,2.67,1,0,0,CSE,Placed,7.78
7.85,91,76.69,85.38,56.37,2,0,6.97,8.61,0,1,0,CE,Placed,7.92
6.14,143,68.47,76.16,77.42,0,3,3.58,4.2,1,1,0,IT,Not Placed,
4.27,100,73.61,82.95,73.86,2,0,6.15,5.81,0,2,0,ECE,Not Placed,
7.92,104,74.04,62.05,74.7,1,3,7.73,5.96,0,1,0,EE,Placed,6.18
7.3,87,92.19,75.55,87.42,0,3,10.0,8.43,0,1,0,CE,Placed,7.1
7.57,124,83.44,82.02,78.97,2,4,7.85,8.72,1,1,0,ECE,Placed,7.98
5.82,85,59.52,73.15,73.5,0,2,7.58,8.84,1,0,0,CSE,Placed,6.12
7.48,104,75.26,80.45,82.24,1,2,8.39,5.21,1,2,7,ECE,Placed,7.56
5.59,102,68.07,91.94,73.09,0,0,4.74,7.47,1,2,0,IT,Not Placed,
6.6,108,95.91,71.56,84.58,2,2,1.04,5.87,0,1,0,CSE,Not Placed,
7.64,94,93.02,73.32,74.76,0,1,7.86,4.4,1,0,0,ECE,Placed,5.9
7.35,84,77.0,94.74,80.74,1,1,6.03,5.14,0,1,0,ME,Not Placed,
6.62,104,84.44,84.05,59.64,2,4,7.19,5.86,1,2,0,EE,Placed,6.52
8.42,112,100.0,70.95,78.91,0,2,5.8,7.01,1,1,0,IT,Not Placed,
4.82,129,64.18,71.89,67.33,1,4,6.22,7.89,0,1,0,IT,Not Placed,
5.9,105,83.62,,79.88,0,5,1.69,7.92,1,1,0,ECE,Placed,3.34
6.41,114,66.29,73.83,67.61,1,3,5.24,4.61,1,0,13,ME,Not Placed,
7.39,108,63.48,79.09,72.66,1,4,7.04,2.93,0,1,2,CE,Not Placed,
7.36,79,68.38,61.82,84.2,1,4,4.3,8.28,0,0,0,CSE,Placed,7.16
6.2,88,79.02,80.74,74.83,1,5,4.22,6.47,1,2,0,ME,Not Placed,
6.87,91,87.85,74.37,68.57,3,2,7.59,5.73,0,1,0,CSE,Placed,4.99
4.92,102,95.3,87.02,74.26,2,2,6.95,4.37,0,0,0,IT,Not Placed,
6.0,104,80.05,80.09,81.75,1,1,4.2,6.0,0,0,0,EE,Not Placed,
8.15,105,62.46,72.91,73.6,2,5,7.46,5.71,0,0,5,IT,Placed,8.0
5.59,101,69.31,44.17,69.35,4,2,6.89,7.64,0,0,0,EE,Placed,5.91
6.94,113,84.62,70.81,62.38,2,3,6.67,6.37,0,1,0,EE,Placed,6.79
6.74,102,84.33,83.31,64.13,1,3,3.36,4.39,0,2,0,EE,Placed,3.27
7.0,112,82.93,87.81,57.32,1,2,5.91,5.79,0,1,0,ECE,Placed,7.35
7.23,85,71.98,80.24,70.03,3,1,8.06,6.28,0,2,0,IT,Not Placed,
6.3,114,76.22,66.62,67.38,4,5,5.48,6.77,0,0,0,IT,Placed,6.14
8.23,96,77.08,76.64,67.0,1,7,5.98,5.31,0,0,0,CSE,Placed,8.19
8.5,103,74.67,69.94,70.63,3,3,5.13,8.11,0,1,0,CSE,Placed,7.65
6.87,99,55.98,78.19,70.56,2,5,6.0,9.79,0,1,0,CSE,Placed,7.32
4.6,90,90.91,72.08,64.13,0,2,8.12,4.92,0,1,0,CSE,Not Placed,
8.31,82,76.2,78.21,78.83,2,4,4.9,6.41,0,0,0,IT,Placed,8.43
5.78,105,85.95,68.62,64.17,1,3,9.19,4.43,0,3,4,CSE,Placed,8.57
9.05,87,91.36,69.27,55.63,2,3,7.07,9.18,0,0,0,CSE,Placed,8.27
5.98,91,76.36,71.36,65.45,0,3,7.57,5.44,1,2,0,IT,Not Placed,
6.86,107,72.77,54.31,73.2,0,2,7.4,7.16,0,1,0,ME,Placed,7.57
7.21,122,62.77,78.92,69.08,1,1,5.34,8.49,0,1,0,CSE,Not Placed,
7.4,80,71.56,67.77,94.58,2,2,3.57,2.8,0,1,2,IT,Not Placed,
7.2,108,67.96,86.34,78.2,1,0,6.55,9.12,1,0,5,ME,Placed,6.72
6.51,124,88.99,84.49,71.07,0,3,5.55,7.86,0,2,0,ME,Placed,4.76
8.61,121,54.83,57.41,86.95,1,2,7.74,6.02,1,2,3,CSE,Not Placed,
6.3,83,84.45,70.37,72.51,2,1,7.81,6.45,1,0,0,ECE,Placed,6.12
7.64,104,85.48,63.88,56.36,2,5,6.5,8.08,0,1,3,CSE,Placed,8.68
7.95,114,75.62,78.85,68.56,4,3,8.49,8.47,0,2,0,IT,Placed,8.74
6.25,103,91.09,74.08,69.62,1,2,3.64,5.73,0,0,0,IT,Not Placed,
6.34,111,99.62,92.83,67.81,1,0,9.43,8.09,0,0,0,ME,Not Placed,
9.63,101,75.31,71.45,73.96,2,3,1.32,4.87,0,0,0,CSE,Placed,7.84
7.52,99,70.92,74.03,85.72,3,2,8.14,7.14,0,1,0,IT,Not Placed,
7.64,100,79.16,92.75,72.78,2,1,6.49,5.89,1,0,0,CSE,Placed,6.47
8.31,121,68.52,71.58,67.65,1,5,4.87,3.91,3,0,4,ME,Not Placed,
7.48,101,87.97,80.2,78.2,3,5,4.91,4.48,0,0,0,EE,Placed,5.82
6.26,96,81.79,75.75,73.98,0,1,4.9,7.79,0,3,0,CSE,Not Placed,
7.25,108,72.66,100.0,75.96,0,6,1.82,8.09,1,1,0,ECE,Placed,3.68
5.95,111,75.38,,62.5,1,2,5.08,9.89,1,1,0,CE,Placed,3.56
8.58,92,81.37,76.35,73.35,1,2,6.66,5.91,2,1,0,IT,Not Placed,
7.02,121,75.89,76.08,64.52,0,1,4.67,10.0,0,1,0,EE,Placed,4.7
6.29,74,66.56,65.7,64.28,2,2,4.72,4.47,0,1,0,ME,Placed,7.21
7.24,70,64.88,69.92,83.93,1,2,4.22,5.28,2,0,0,IT,Not Placed,
6.38,79,77.87,,81.99,0,1,5.94,5.8,1,1,0,ME,Not Placed,
7.68,103,64.71,64.74,54.92,1,2,4.79,0.82,0,3,0,CSE,Placed,8.87
6.53,95,69.8,68.42,66.4,2,2,6.52,6.96,4,1,6,CSE,Not Placed,
6.79,76,84.08,81.39,78.35,1,6,7.1,5.97,0,0,0,EE,Not Placed,
7.72,97,76.33,81.21,85.68,2,3,5.11,6.71,0,2,0,CSE,Placed,8.39
6.25,138,88.39,75.81,67.04,1,4,8.36,5.57,1,1,0,ME,Placed,5.69
6.31,122,80.23,76.08,78.39,1,2,8.25,9.1,2,1,0,ECE,Placed,6.47
7.2,95,76.34,70.89,70.75,1,2,5.41,6.71,1,1,0,CSE,Not Placed,
5.24,118,88.04,78.36,61.5,1,2,6.88,4.42,2,1,0,CSE,Not Placed,
5.15,118,72.79,83.92,76.42,1,3,8.7,6.99,0,1,0,CSE,Not Placed,
7.98,129,71.15,65.11,77.69,2,5,7.82,7.71,0,1,0,EE,Placed,9.7
7.3,108,83.15,58.01,92.82,3,1,10.0,4.37,1,2,0,ECE,Placed,8.95
6.53,114,74.65,85.76,67.57,0,3,9.39,4.47,1,0,0,ECE,Not Placed,
5.22,100,73.82,67.25,67.91,1,3,3.37,4.91,1,1,0,ECE,Not Placed,
7.22,124,64.15,57.9,44.44,0,0,6.61,8.47,0,3,0,IT,Placed,6.16
7.53,126,83.63,62.31,70.23,2,1,2.17,2.09,2,1,0,CSE,Not Placed,
5.53,102,64.04,78.73,65.23,1,5,7.25,4.07,2,1,0,EE,Not Placed,
6.84,102,69.59,69.94,69.25,2,4,4.89,7.86,0,1,0,CSE,Placed,6.63
5.31,105,63.4,69.51,70.52,4,4,8.09,3.5,0,1,0,ME,Not Placed,
8.76,90,70.67,57.53,84.42,2,2,6.69,5.39,0,0,0,IT,Placed,9.96
7.1,106,72.15,80.39,75.83,1,3,5.18,,0,0,0,IT,Not Placed,
9.63,95,92.26,70.82,78.24,3,1,4.2,6.66,0,4,0,ECE,Placed,8.37
8.37,93,86.84,85.32,73.96,1,2,7.76,5.86,0,1,0,ECE,Placed,7.74
7.75,91,78.35,97.11,78.71,3,1,6.85,5.54,1,0,0,ME,Placed,6.54
6.64,107,80.17,73.73,64.27,1,3,7.32,5.33,1,1,0,CE,Not Placed,
6.27,87,64.56,63.46,74.54,0,2,6.51,4.97,0,1,0,EE,Not Placed,
5.66,86,76.98,83.21,76.07,2,2,5.43,4.55,0,1,6,CSE,Not Placed,
4.74,106,77.37,70.33,69.75,1,1,5.47,5.68,0,0,0,EE,Not Placed,
4.51,113,71.69,78.09,74.91,1,3,5.71,6.3,2,0,0,IT,Not Placed,
7.28,87,90.47,84.15,63.17,0,1,2.92,8.52,1,1,0,IT,Not Placed,
7.94,131,66.47,58.32,67.43,1,1,4.41,4.89,0,2,0,ECE,Placed,5.36
4.99,93,85.12,71.41,67.06,0,0,5.38,3.55,1,2,0,ECE,Not Placed,
6.63,79,79.01,61.03,66.78,0,1,3.26,3.7,0,1,0,CSE,Not Placed,
5.81,76,77.03,76.05,65.3,4,2,8.76,8.84,0,1,0,EE,Placed,7.57
7.92,116,57.15,73.97,76.67,0,4,6.17,4.82,0,2,0,ME,Placed,5.46
8.1,75,74.52,80.8,68.59,1,4,4.11,6.77,0,1,0,EE,Placed,6.36
9.33,90,80.32,71.84,63.0,4,1,5.74,5.19,0,0,2,CE,Placed,8.52
7.46,104,86.6,79.68,76.7,2,2,6.88,2.53,1,0,0,IT,Placed,6.71
7.7,106,95.35,95.22,77.77,3,1,0.48,7.68,0,1,0,CE,Placed,6.05
6.09,105,84.5,68.72,78.92,1,2,9.24,3.2,0,1,3,EE,Placed,7.94
7.68,100,78.95,73.02,72.53,2,1,4.9,8.4,1,0,0,IT,Not Placed,
8.58,106,78.81,83.15,64.07,0,1,8.08,5.87,1,0,0,ECE,Placed,8.32
6.01,105,83.47,79.69,67.04,1,1,7.5,3.14,1,1,0,ECE,Not Placed,
10.0,113,96.14,87.97,67.0,0,2,6.86,6.86,1,1,0,ME,Placed,7.62
5.82,82,100.0,80.4,80.52,0,2,6.33,8.85,0,2,12,ECE,Placed,4.47
6.27,92,89.49,73.25,71.13,1,4,4.09,5.9,1,1,0,CSE,Not Placed,
8.17,94,94.22,66.38,65.99,1,1,9.43,9.27,0,2,0,ME,Placed,9.6
6.55,93,64.57,85.28,73.49,1,0,3.22,4.77,1,0,0,IT,Not Placed,
6.24,102,76.78,67.42,69.28,0,5,3.28,3.45,1,1,0,CSE,Not Placed,
7.82,73,89.47,73.31,63.58,2,4,5.54,2.45,0,2,0,IT,Not Placed,
6.26,81,66.32,73.34,87.64,1,1,1.42,5.98,0,2,0,CE,Not Placed,
6.93,124,81.92,65.91,74.26,4,6,7.24,7.81,0,1,0,ECE,Placed,7.33
8.02,81,81.41,81.96,76.63,1,2,6.16,10.0,1,1,0,ME,Placed,7.9
6.11,95,72.67,71.93,74.49,0,1,4.34,5.46,1,0,0,ECE,Not Placed,
8.37,103,60.4,90.41,69.82,1,2,3.12,5.4,0,0,16,ECE,Placed,5.84
6.23,100,84.32,71.74,75.14,2,3,3.7,5.97,0,0,20,CSE,Not Placed,
5.68,104,73.2,74.11,61.92,0,0,5.33,5.35,0,0,0,EE,Not Placed,
6.58,89,63.03,77.03,67.61,1,1,6.43,8.21,0,2,2,EE,Placed,5.64
7.81,105,75.0,73.05,69.19,1,2,7.62,5.97,0,0,0,ECE,Placed,10.02
7.3,77,72.63,78.86,86.35,2,1,8.35,8.02,0,0,0,IT,Placed,10.13
6.28,108,75.62,75.06,68.06,1,2,10.0,4.98,1,0,0,IT,Placed,7.06
6.15,100,78.57,70.69,63.2,1,4,3.62,4.31,0,2,0,CSE,Not Placed,
6.14,78,81.58,64.98,90.94,1,0,6.62,4.03,0,0,0,CSE,Not Placed,
7.39,99,89.31,74.41,64.76,2,3,2.01,7.36,0,1,0,ECE,Placed,6.19
8.9,93,83.18,86.3,81.3,1,0,8.34,7.11,0,0,2,CSE,Placed,8.85
8.37,90,88.77,72.56,69.23,2,5,6.98,6.59,1,0,0,CSE,Placed,7.88
5.82,102,88.93,71.07,67.49,1,2,1.05,9.13,0,0,12,ECE,Not Placed,
5.55,71,61.54,100.0,75.71,1,2,6.84,7.15,1,1,0,ECE,Not Placed,
5.71,103,80.41,100.0,65.87,3,3,5.2,8.3,0,2,0,CSE,Not Placed,
6.81,93,60.98,70.71,66.58,1,3,7.96,6.97,0,1,0,ECE,Placed,5.43
5.4,116,77.86,60.19,68.26,1,2,7.25,4.87,1,0,0,CE,Not Placed,
9.97,93,82.77,79.29,51.97,0,3,4.28,7.27,1,0,0,ECE,Placed,4.36
7.43,90,68.1,82.47,64.1,0,5,7.51,5.87,0,0,0,CSE,Not Placed,
5.92,123,92.96,71.44,75.79,1,1,4.43,3.88,0,1,0,CSE,Placed,5.38
8.06,107,80.98,79.39,77.18,3,1,8.01,7.32,0,2,0,CE,Placed,7.45
7.13,117,71.01,65.96,67.87,1,1,5.63,5.03,1,1,0,ECE,Not Placed,
8.23,92,73.46,66.75,73.81,0,0,0.71,3.57,0,1,0,CSE,Not Placed,
5.06,88,85.89,72.41,60.31,0,3,6.39,4.51,0,0,0,CSE,Not Placed,
5.28,112,73.62,57.25,64.81,1,3,3.47,6.1,1,1,0,CSE,Not Placed,
6.01,112,85.9,58.18,88.51,1,6,5.79,8.16,1,0,0,CE,Not Placed,
6.1,110,76.14,63.43,56.76,2,5,5.76,4.24,1,0,0,CSE,Not Placed,
7.11,100,89.01,86.1,56.08,2,3,6.54,2.05,2,1,3,IT,Not Placed,
8.18,101,86.46,83.88,81.98,0,1,6.55,9.44,0,1,0,CSE,Placed,9.89
6.55,99,64.33,75.39,71.18,0,2,6.59,6.23,0,1,0,ECE,Placed,5.08
6.6,103,81.62,72.17,68.66,0,3,6.65,5.18,0,1,0,ME,Not Placed,
5.92,91,85.49,80.08,80.74,2,2,6.82,5.47,1,3,0,ME,Not Placed,
8.06,106,81.51,79.59,83.77,1,4,3.47,5.08,1,0,0,ECE,Not Placed,
4.63,87,72.03,97.18,66.52,1,1,5.07,2.94,1,0,0,CSE,Not Placed,
7.31,128,87.26,93.39,85.01,1,4,6.07,7.53,0,0,0,CSE,Not Placed,
6.5,96,81.34,75.84,70.55,1,1,5.91,5.1,0,0,0,EE,Not Placed,
6.63,109,69.27,72.32,70.58,2,3,2.11,6.91,0,1,0,CSE,Not Placed,
6.24,99,69.17,76.01,76.34,1,2,4.61,4.34,1,0,0,CSE,Placed,6.85
7.57,77,76.19,61.71,72.89,0,2,5.33,7.47,0,2,0,IT,Placed,6.87
5.24,99,83.12,83.97,68.54,2,3,10.0,3.47,0,2,0,ECE,Placed,8.2
6.49,96,82.05,70.37,76.49,0,3,6.35,5.43,1,2,0,ECE,Not Placed,
6.07,101,70.64,69.92,65.25,2,3,7.74,7.11,0,0,0,IT,Placed,4.53
6.98,82,73.18,100.0,64.64,2,4,10.0,6.35,0,0,0,ME,Placed,8.23
4.92,100,83.5,95.17,64.13,2,3,4.56,6.25,0,1,0,ECE,Not Placed,
6.5,139,92.93,71.99,79.4,0,0,8.53,6.17,2,0,0,CSE,Not Placed,
8.4,100,88.99,70.37,69.23,1,1,5.42,6.71,2,1,0,EE,Not Placed,
7.18,137,79.55,79.28,81.51,1,2,8.87,8.15,0,1,3,ECE,Placed,6.75
8.0,80,77.82,69.36,72.98,1,3,8.62,4.3,2,2,0,ECE,Not Placed,
6.24,102,80.74,61.01,65.11,1,3,3.43,9.02,1,1,0,EE,Not Placed,
8.52,85,71.31,84.98,67.64,1,3,7.29,7.27,0,0,11,CSE,Placed,6.9
7.88,93,89.31,74.44,67.63,1,3,9.36,8.82,0,3,0,ECE,Not Placed,
5.81,72,85.59,65.8,67.12,1,4,5.85,5.82,0,2,0,EE,Not Placed,
7.04,109,72.41,87.03,72.28,3,3,5.86,8.0,0,1,1,CSE,Placed,6.65
7.93,91,79.26,76.81,66.97,0,3,7.09,8.89,0,2,0,ECE,Placed,7.57
6.03,111,67.38,80.2,52.94,0,3,4.2,6.08,1,4,0,CSE,Not Placed,
7.55,85,96.23,82.32,87.6,2,2,3.5,7.3,1,1,0,ME,Not Placed,
8.25,99,93.73,96.54,78.78,1,2,2.83,7.83,1,2,0,EE,Placed,6.52
5.17,114,99.88,62.06,69.77,2,6,7.87,8.82,1,4,0,ECE,Not Placed,
7.43,91,90.03,77.2,80.36,1,1,8.83,3.03,1,1,0,CSE,Placed,7.37
6.06,111,82.11,58.16,81.2,2,7,7.12,5.99,0,0,0,EE,Placed,8.3
6.58,98,76.57,60.85,61.61,0,6,4.22,4.66,0,0,0,ECE,Not Placed,
8.63,118,80.74,79.23,69.71,1,2,6.33,6.44,0,1,0,ECE,Placed,5.22
6.76,98,86.01,67.98,92.73,0,7,6.23,8.18,0,2,3,IT,Not Placed,
7.86,105,87.27,62.39,71.43,0,1,8.75,6.17,1,1,0,IT,Placed,8.31
5.05,85,86.32,65.77,67.99,0,1,4.75,6.86,0,4,0,CSE,Not Placed,
5.45,92,82.21,74.33,66.36,4,1,2.14,5.2,0,1,0,ECE,Not Placed,
6.83,112,87.4,82.72,82.96,0,4,7.66,5.7,0,0,0,CSE,Placed,4.01
6.82,100,77.7,83.71,67.34,2,3,7.11,5.86,0,2,0,ECE,Placed,7.49
6.49,111,76.69,75.17,60.41,0,3,9.24,5.47,0,2,0,CSE,Placed,6.39
8.49,75,74.97,85.0,81.02,4,1,4.81,6.81,0,2,0,ECE,Placed,7.94
6.01,90,70.13,71.72,82.44,0,4,7.47,7.61,1,1,0,ME,Not Placed,
6.17,121,83.99,75.41,69.33,0,4,5.62,6.24,1,2,0,ME,Not Placed,
4.53,93,67.96,84.69,69.08,0,2,7.87,4.51,1,1,0,CSE,Not Placed,
7.82,119,99.33,80.61,67.49,1,2,9.18,8.3,0,1,5,ECE,Placed,8.69
6.36,105,63.58,79.11,71.6,3,3,2.48,5.36,0,1,0,CSE,Placed,7.14
6.13,88,74.82,79.04,71.74,2,6,8.42,2.35,0,1,0,CE,Not Placed,
5.02,113,73.58,67.06,72.71,2,0,10.0,6.63,1,1,0,CSE,Not Placed,
7.91,91,84.06,67.49,83.8,1,0,5.35,3.76,0,0,0,CE,Placed,6.74
7.76,72,73.6,69.04,80.62,4,3,9.02,3.42,1,0,0,ME,Not Placed,
7.22,93,94.8,81.0,68.68,1,8,6.82,3.72,1,1,0,ECE,Placed,6.57
7.94,78,73.5,72.4,76.27,0,3,4.31,7.49,0,2,0,IT,Not Placed,
7.53,83,86.12,84.53,63.91,3,1,4.87,4.26,0,0,0,CSE,Placed,9.78
7.3,92,85.34,62.53,75.09,0,4,8.37,5.81,1,1,0,CSE,Placed,9.07
6.18,84,65.58,72.44,76.37,0,8,7.45,10.0,1,2,0,EE,Placed,4.96
7.39,78,78.57,69.64,58.28,1,3,4.24,5.09,0,0,2,IT,Not Placed,
7.0,102,65.87,58.81,91.17,2,2,3.43,7.61,1,0,0,EE,Not Placed,
7.38,77,85.11,81.54,68.27,1,2,8.57,5.37,2,3,0,CSE,Placed,7.44
7.66,101,83.72,79.59,54.14,1,3,6.23,6.07,0,1,1,ME,Not Placed,
8.25,100,71.48,86.63,76.57,0,4,3.18,8.49,1,1,0,IT,Placed,7.18
7.44,88,82.71,62.06,70.06,2,2,6.94,8.41,0,1,0,CSE,Placed,6.82
7.85,74,94.74,73.35,77.99,0,2,5.92,5.79,0,0,0,EE,Not Placed,
7.1,108,65.02,69.61,75.7,1,4,7.1,,1,1,0,CE,Placed,5.11
6.31,124,79.63,65.75,68.54,2,6,10.0,5.06,0,2,0,CSE,Placed,7.09
6.9,109,72.44,63.74,80.18,3,4,2.48,6.7,1,0,0,IT,Not Placed,
8.06,96,68.31,67.75,79.27,0,6,8.93,6.41,1,0,0,IT,Placed,9.75
7.22,100,84.54,93.4,64.3,0,2,3.99,7.0,0,1,0,IT,Not Placed,
6.12,107,68.34,93.49,66.55,1,5,8.25,6.77,0,0,0,IT,Placed,4.48
8.21,85,79.66,61.75,70.91,1,1,6.44,6.59,0,0,0,IT,Placed,6.86
6.66,116,63.51,68.17,84.99,3,2,0.0,7.17,0,2,0,IT,Placed,4.18
6.87,101,74.57,70.53,65.89,0,5,6.32,8.99,0,1,31,CSE,Placed,5.76
6.31,117,80.48,80.6,75.21,1,5,5.99,6.63,0,0,0,CSE,Not Placed,
6.67,131,99.18,74.26,74.98,2,1,6.29,4.65,0,0,0,ECE,Placed,6.02
7.1,114,65.46,71.76,59.2,0,0,6.21,5.53,0,1,0,EE,Placed,6.38
5.93,110,72.16,66.75,62.18,2,1,7.68,2.09,1,0,0,ME,Not Placed,
6.44,88,60.73,83.22,58.05,0,1,8.86,7.6,0,1,0,CSE,Not Placed,
6.76,91,63.3,81.37,67.95,3,2,5.44,6.33,2,0,0,CE,Not Placed,
8.89,98,64.2,84.38,61.88,2,2,5.79,3.9,1,1,0,IT,Placed,7.06
8.81,116,79.9,79.65,62.43,0,0,9.31,3.18,0,1,0,IT,Placed,7.86
6.74,78,70.43,75.0,81.52,3,2,8.22,1.9,0,4,1,EE,Placed,5.6
4.67,97,88.59,75.89,60.96,1,3,5.69,6.59,1,3,3,IT,Not Placed,
7.34,104,71.47,70.93,79.77,0,3,8.37,6.94,0,3,0,ECE,Placed,7.34
4.08,98,68.47,78.06,84.63,1,4,4.82,7.02,1,2,0,CSE,Not Placed,
4.0,102,79.63,74.9,71.52,1,3,6.31,4.5,0,1,3,ECE,Not Placed,
9.53,79,72.03,57.19,59.83,3,1,6.98,5.58,0,2,0,ECE,Placed,9.53
5.72,109,74.14,75.93,63.47,2,2,1.52,6.9,0,1,4,CSE,Not Placed,
7.33,95,98.4,91.43,73.92,2,3,6.2,6.34,0,1,0,ECE,Placed,6.71
6.68,109,84.76,75.99,68.29,1,0,5.5,4.99,2,0,0,CSE,Not Placed,
5.07,111,88.91,70.49,81.32,2,2,8.7,3.66,0,0,12,CSE,Not Placed,
6.66,109,77.08,81.08,67.6,1,3,4.79,7.4,0,3,0,ECE,Placed,6.81
8.34,104,74.01,60.76,85.17,1,2,4.5,6.1,0,4,0,CSE,Placed,6.49
6.17,76,94.14,65.15,66.0,2,2,8.19,3.72,0,0,1,CSE,Not Placed,
8.35,91,59.36,82.2,75.67,1,0,4.37,8.34,1,0,0,EE,Placed,6.72
8.55,112,70.85,67.07,67.5,0,1,7.91,8.04,2,2,0,CSE,Placed,8.0
7.7,95,82.55,79.5,75.16,0,4,5.98,6.79,1,2,0,ECE,Placed,6.26
7.75,79,74.76,85.83,68.33,2,3,7.11,4.97,1,0,0,ECE,Placed,7.93
8.83,113,69.63,82.38,69.69,2,6,6.84,4.85,1,1,0,CSE,Placed,8.91
6.5,115,74.87,77.04,71.95,1,3,4.95,8.91,1,1,0,ECE,Placed,3.75
6.09,87,69.93,65.09,55.73,0,1,6.19,6.25,0,0,0,IT,Placed,4.22
7.13,81,76.79,83.74,74.66,0,3,6.48,7.18,0,0,8,ECE,Not Placed,
6.99,101,70.18,72.82,90.5,3,2,6.56,9.2,1,2,1,EE,Placed,6.79
7.73,119,80.19,62.93,73.68,1,2,4.55,4.99,2,0,0,CSE,Placed,4.02
6.96,123,66.7,76.59,68.76,2,1,5.33,5.28,0,3,0,IT,Placed,4.62
6.26,96,69.85,66.98,80.26,2,2,9.82,7.16,0,3,0,IT,Placed,7.98
7.91,98,72.95,67.15,65.78,1,2,5.06,7.42,0,0,0,ECE,Placed,7.16
8.71,96,76.1,66.5,79.81,1,3,8.01,4.22,0,0,12,IT,Placed,9.57
7.12,92,86.5,85.34,77.3,2,1,2.58,6.62,0,1,0,CSE,Placed,7.58
7.25,86,91.19,85.84,71.06,0,5,4.47,8.17,0,0,0,IT,Placed,5.15
7.59,80,77.92,,68.38,2,4,1.81,6.76,1,0,0,ME,Placed,6.11
5.28,108,71.48,78.12,85.72,0,4,4.6,6.8,0,0,0,ME,Not Placed,
5.35,124,75.13,71.27,81.6,1,1,7.12,8.52,0,1,0,IT,Placed,5.36
5.36,109,100.0,64.39,71.8,1,1,5.97,7.01,0,1,0,IT,Not Placed,
7.23,75,86.16,87.43,77.71,2,4,5.12,6.08,0,0,0,IT,Not Placed,
6.81,78,79.73,76.19,75.98,0,2,8.11,7.14,1,1,0,ME,Not Placed,
7.37,76,63.98,76.62,79.52,0,4,7.19,7.25,0,1,7,ME,Placed,4.14
4.87,74,62.97,85.46,84.47,1,4,5.97,7.17,0,2,0,CSE,Not Placed,
5.23,81,79.85,86.7,81.18,2,0,8.54,8.0,0,0,3,EE,Placed,4.47
6.56,72,69.32,99.73,65.62,1,0,5.43,8.1,0,0,0,IT,Not Placed,
6.96,106,77.41,99.21,64.47,0,1,6.25,2.25,0,0,0,ME,Not Placed,
6.71,116,68.25,77.45,73.16,0,1,5.35,5.7,1,0,0,CSE,Placed,5.62
4.53,107,74.29,56.63,68.71,2,5,6.12,5.12,0,0,0,CSE,Not Placed,
9.45,119,75.72,57.82,63.56,0,1,2.77,5.27,2,2,0,CSE,Placed,7.05
6.89,118,67.0,92.69,71.01,1,5,6.46,4.86,1,1,11,ECE,Placed,6.64
7.6,109,85.31,69.4,84.68,1,4,9.48,7.95,2,1,0,CSE,Placed,10.04
8.09,106,75.95,76.01,67.9,2,1,4.92,7.45,1,0,0,CSE,Placed,7.75
5.98,75,76.12,69.12,65.9,1,1,5.43,8.27,0,1,0,ME,Not Placed,
7.26,72,73.97,73.89,58.91,2,0,4.35,4.52,0,1,0,CE,Placed,5.61
5.72,94,85.06,85.22,76.3,0,2,7.28,6.46,0,2,0,CSE,Not Placed,
7.01,96,84.96,72.39,67.35,0,2,4.55,4.19,2,0,0,EE,Not Placed,
6.2,93,76.43,79.69,67.86,2,1,6.72,8.9,0,1,0,ECE,Not Placed,
7.6,143,74.69,62.81,60.08,2,2,2.45,4.99,3,0,18,EE,Not Placed,
7.22,112,69.68,66.42,67.33,1,2,3.23,6.66,0,0,0,EE,Not Placed,
7.0,105,80.12,87.72,80.81,1,2,3.14,5.08,1,0,0,IT,Placed,6.95
7.09,92,84.0,57.63,67.99,1,1,5.17,7.06,0,2,0,CSE,Placed,6.34
9.86,89,85.67,83.82,66.02,0,6,5.82,7.8,0,1,0,CSE,Placed,9.76
7.33,95,78.4,73.37,65.15,0,2,5.04,6.45,1,2,8,ECE,Not Placed,
6.93,106,82.39,81.89,70.07,2,1,9.12,5.66,0,1,0,IT,Placed,6.26
7.37,90,76.06,62.97,70.26,1,3,2.78,8.57,1,0,0,IT,Not Placed,
6.5,90,84.26,52.89,70.35,2,2,6.88,3.89,1,2,0,CSE,Not Placed,
8.98,85,79.67,72.87,73.16,1,3,9.18,7.26,2,1,0,CSE,Placed,10.71
6.32,89,65.38,63.43,76.36,1,1,3.82,5.77,1,0,0,IT,Not Placed,
7.12,129,76.82,63.92,78.54,1,2,5.77,3.15,0,2,0,CSE,Placed,6.58
5.8,89,75.75,79.73,75.7,1,6,5.31,5.38,0,1,0,CE,Not Placed,
7.29,104,77.57,78.69,78.19,1,1,5.9,7.25,0,1,0,ECE,Placed,6.54
7.58,86,57.33,76.63,80.41,2,0,5.16,5.0,0,0,0,EE,Placed,5.49
6.6,109,90.3,78.49,69.65,1,2,6.53,7.9,0,0,0,ECE,Not Placed,
7.75,107,80.5,74.08,81.12,0,0,3.63,3.59,0,1,0,ECE,Placed,5.69
6.93,112,66.52,84.86,70.07,1,3,6.77,3.97,0,0,0,CE,Not Placed,
7.52,93,78.52,98.52,65.14,1,4,5.31,6.78,0,2,0,ECE,Placed,6.08
7.76,87,52.07,70.7,90.21,2,2,6.42,10.0,1,1,0,CSE,Placed,6.37
7.15,109,75.47,76.31,64.81,0,3,3.7,5.86,3,0,0,ECE,Not Placed,
5.55,70,81.67,71.0,69.37,0,1,5.05,4.71,0,0,0,ECE,Not Placed,
5.79,115,87.06,96.68,55.66,0,2,7.73,5.22,0,2,0,IT,Not Placed,
6.41,113,83.31,100.0,79.66,1,3,7.01,8.6,1,2,0,CSE,Placed,7.07
7.84,86,89.68,100.0,59.98,0,0,1.15,8.29,0,1,0,ME,Placed,4.31
7.41,115,78.79,91.82,72.76,4,2,5.47,9.04,0,1,1,CSE,Placed,7.72
7.89,91,71.83,76.89,67.11,0,0,6.14,5.9,1,0,0,IT,Not Placed,
6.86,103,72.79,75.0,58.43,0,1,5.9,4.88,0,0,0,IT,Not Placed,
6.53,137,72.76,74.17,54.87,2,1,8.96,4.36,1,0,2,CSE,Placed,8.1
7.23,109,69.75,87.61,67.83,0,5,6.79,2.61,2,2,5,CSE,Not Placed,
5.27,96,75.75,71.16,67.11,1,0,8.69,4.18,2,1,0,IT,Not Placed,
7.85,90,87.96,94.97,87.4,0,1,9.61,6.96,0,0,0,CSE,Placed,8.11
7.8,93,75.99,81.8,84.46,0,2,6.79,6.75,1,0,30,ECE,Placed,7.17
7.99,86,84.9,99.21,84.46,0,0,6.94,6.24,1,0,0,EE,Not Placed,
4.56,130,75.81,71.62,66.29,2,1,7.67,5.98,1,3,0,EE,Not Placed,
7.61,102,85.58,64.59,67.26,0,1,5.78,3.17,1,1,0,EE,Placed,5.6
6.87,102,74.97,60.63,70.37,1,3,6.19,2.48,1,1,0,CSE,Not Placed,
7.69,82,81.04,89.88,64.26,1,2,6.57,5.08,0,1,0,CSE,Placed,5.58
7.43,116,87.8,91.96,70.74,1,5,3.82,7.45,0,1,0,EE,Placed,3.95
7.52,103,70.84,82.59,79.08,1,3,6.21,8.43,0,2,0,CE,Placed,6.9
6.55,96,83.32,68.29,69.17,0,4,7.23,6.82,0,1,0,ECE,Placed,6.21
6.76,125,84.41,67.79,67.88,0,3,5.93,8.18,1,0,0,CSE,Placed,6.09
6.18,85,61.54,66.98,50.42,4,2,3.74,4.46,0,2,0,CE,Not Placed,
6.66,97,79.98,76.45,66.86,1,3,5.98,7.13,2,1,0,ECE,Not Placed,
8.34,101,66.73,78.78,64.15,0,3,4.27,2.8,1,3,2,CE,Placed,6.41
5.75,83,74.13,76.41,77.02,0,2,2.57,3.32,1,0,0,IT,Not Placed,
7.38,130,71.58,69.46,67.38,0,1,8.23,2.85,0,4,0,CSE,Not Placed,
5.75,104,96.31,62.37,71.86,2,0,6.93,5.33,0,2,0,CSE,Placed,5.14
6.25,102,67.98,69.14,63.76,0,4,9.94,3.69,0,0,0,CSE,Placed,9.4
6.21,112,85.91,75.7,75.66,0,8,3.29,8.26,0,0,0,IT,Not Placed,
6.24,96,59.16,58.24,74.77,2,0,0.96,6.92,0,0,0,EE,Not Placed,
7.03,96,89.72,100.0,78.28,0,0,3.98,6.92,0,0,0,ECE,Not Placed,
7.79,118,78.82,81.2,84.98,5,3,4.93,,0,1,3,CSE,Placed,9.01
7.08,104,82.39,84.33,74.27,1,1,3.78,7.34,1,0,2,IT,Placed,5.1
8.46,114,76.58,72.91,83.59,1,4,2.56,7.89,0,1,0,CE,Placed,6.84
8.25,106,78.05,91.34,71.73,1,2,8.72,6.72,1,2,11,ME,Placed,7.88
4.23,106,86.63,73.11,67.64,0,4,7.12,6.7,1,1,0,CE,Not Placed,
7.49,115,71.14,59.29,59.17,2,2,9.7,7.41,0,1,0,EE,Placed,6.65
5.73,101,90.24,70.76,76.28,2,3,6.51,4.93,0,3,0,CE,Not Placed,
9.25,111,84.0,81.45,69.38,1,5,6.29,6.0,0,4,0,CSE,Placed,10.22
5.66,74,88.28,79.76,66.1,3,3,2.82,6.75,1,1,0,IT,Not Placed,
7.86,95,85.05,64.71,74.36,1,4,5.43,5.18,0,0,10,IT,Placed,6.35
7.9,117,85.09,62.44,76.0,0,2,6.25,7.33,0,2,0,ECE,Placed,6.18
5.78,89,80.82,89.12,55.09,2,4,4.59,8.27,0,0,0,IT,Placed,5.28
5.82,88,87.36,67.44,86.97,3,1,8.0,7.56,1,0,0,ME,Placed,5.79
8.11,112,67.28,100.0,81.37,1,2,10.0,9.57,0,0,0,ECE,Placed,9.86
6.27,105,69.38,81.2,83.97,0,4,4.86,7.39,1,1,0,CSE,Not Placed,
6.41,94,73.51,74.32,67.72,1,1,4.47,4.89,0,1,0,CSE,Not Placed,
7.98,95,77.29,58.58,68.97,1,3,6.88,4.6,1,0,9,CSE,Placed,8.37
6.36,102,87.56,75.35,69.97,0,3,5.24,4.07,1,0,0,IT,Not Placed,
7.8,110,90.66,63.31,73.18,1,3,7.3,5.94,0,2,0,CSE,Not Placed,
6.37,101,79.25,81.98,66.06,3,4,2.7,4.07,0,1,0,ME,Not Placed,
6.08,101,70.47,86.95,87.64,3,1,4.79,6.14,1,3,0,IT,Placed,6.98
7.27,77,83.03,70.38,81.59,1,6,7.91,8.89,0,4,0,EE,Placed,7.34
6.46,89,96.87,71.84,80.28,2,6,5.12,8.09,0,1,0,IT,Placed,5.2
7.48,85,78.76,82.6,61.29,0,2,7.58,7.27,1,2,0,IT,Placed,8.43
8.15,76,69.5,94.61,71.22,1,1,4.5,4.93,0,2,0,EE,Not Placed,
4.99,115,77.59,72.51,68.42,1,3,5.86,6.92,0,0,0,CSE,Not Placed,
6.46,127,83.19,79.65,64.13,4,1,6.24,8.46,0,1,0,IT,Placed,6.11
4.32,87,76.15,89.31,69.87,1,1,6.86,6.59,0,2,0,CSE,Not Placed,
5.66,96,59.64,55.64,61.18,1,3,4.42,4.15,0,1,0,IT,Not Placed,
7.38,95,63.44,46.7,78.49,2,0,4.34,10.0,0,1,0,CSE,Placed,6.64
8.01,106,83.32,92.71,65.67,2,3,5.5,4.92,1,2,12,CSE,Placed,9.91
5.88,98,71.38,67.93,68.58,4,0,7.89,4.54,1,1,0,IT,Placed,6.18
7.74,102,75.23,60.76,69.51,1,2,6.94,4.64,2,0,0,EE,Not Placed,
7.86,96,65.47,90.28,82.06,2,2,8.46,10.0,0,0,0,ME,Placed,7.14
7.1,118,76.1,80.01,65.65,4,4,8.22,5.45,0,4,0,ECE,Placed,8.79
8.33,77,99.5,49.63,69.37,2,2,7.77,6.08,0,1,0,ECE,Placed,8.38
6.62,93,94.31,78.46,88.61,1,1,1.25,4.56,0,0,1,IT,Placed,4.48
7.26,91,86.07,71.8,73.24,0,0,7.35,8.92,2,2,0,ECE,Not Placed,
7.56,96,91.97,85.32,78.62,3,3,7.54,5.41,0,1,0,IT,Placed,8.25
6.26,101,78.19,72.4,62.6,2,1,5.02,7.95,1,0,0,IT,Placed,5.55
8.19,82,77.56,67.58,87.43,2,3,6.88,4.0,0,1,0,IT,Placed,6.72
7.42,89,78.06,80.99,66.1,1,3,5.86,5.09,0,1,0,IT,Not Placed,
8.24,86,82.48,84.76,60.88,3,3,3.33,,0,0,0,ECE,Not Placed,
6.69,85,78.3,100.0,81.1,1,1,8.92,6.4,0,0,0,CE,Not Placed,
8.96,110,68.82,70.88,63.78,2,2,4.47,7.34,2,0,8,IT,Placed,7.88
7.87,98,80.59,83.28,67.55,2,3,8.19,8.53,0,4,0,CE,Placed,6.65
6.37,129,83.39,62.4,80.06,0,0,2.22,5.83,1,2,0,IT,Placed,2.88
8.54,110,86.11,67.68,86.26,0,1,7.05,,0,1,0,ME,Placed,6.02
9.47,115,84.21,99.61,70.57,1,1,6.12,9.38,0,0,0,ME,Placed,8.0
8.88,110,88.59,74.66,80.78,0,4,3.98,5.27,0,1,0,CE,Placed,6.96
6.63,70,88.59,73.43,75.1,0,1,5.96,6.92,0,0,7,EE,Not Placed,
7.83,87,74.66,58.1,77.71,1,3,5.9,7.8,0,1,0,IT,Placed,5.16
7.87,89,86.32,77.07,80.36,1,4,2.76,5.67,0,0,0,ME,Not Placed,
8.42,109,74.27,93.8,81.32,1,2,7.71,6.92,1,1,0,CSE,Placed,7.4
7.84,115,74.9,74.37,67.12,1,2,3.08,7.59,0,2,0,EE,Placed,7.62
6.69,84,70.5,74.27,70.68,1,2,4.15,2.82,0,1,0,CSE,Not Placed,
6.47,98,75.96,79.23,68.12,0,1,6.74,4.06,0,2,0,CSE,Not Placed,
10.0,107,66.54,83.93,71.55,0,2,1.31,6.06,0,2,0,CSE,Placed,8.01
4.35,110,58.51,64.56,70.43,2,3,7.49,8.53,0,1,0,EE,Not Placed,
7.12,104,79.94,77.94,73.02,3,4,8.12,5.39,0,0,0,IT,Not Placed,
6.94,88,94.15,74.68,73.95,2,1,3.98,7.67,1,1,0,ME,Not Placed,
6.8,108,79.78,73.34,78.89,2,3,3.34,7.18,1,1,0,CE,Not Placed,
6.26,79,78.92,73.74,75.31,1,2,5.99,5.27,1,2,0,ECE,Not Placed,
7.47,104,77.72,65.42,61.93,0,3,5.59,6.64,0,3,0,ECE,Not Placed,
6.02,88,76.34,48.78,66.72,2,1,5.43,,0,2,0,CSE,Not Placed,
4.45,152,86.43,83.32,86.33,2,1,7.93,8.26,0,1,0,CSE,Not Placed,
5.91,89,63.91,79.16,61.76,2,4,4.09,6.57,0,3,0,ME,Not Placed,
7.11,91,82.13,91.23,65.08,1,1,5.11,4.44,0,2,0,IT,Not Placed,
4.87,98,64.64,75.03,88.95,2,1,8.35,6.56,2,1,0,ME,Not Placed,
7.32,89,83.4,62.26,59.15,1,2,6.03,10.0,0,1,0,IT,Not Placed,
8.31,138,72.58,69.14,80.15,1,3,6.94,6.99,1,1,0,ME,Not Placed,
6.45,110,73.99,79.0,61.36,5,1,6.84,4.22,1,0,0,ECE,Not Placed,
6.56,86,61.62,82.34,78.09,0,2,6.1,4.76,0,2,0,IT,Not Placed,
7.2,94,73.56,67.95,70.52,1,3,6.67,6.3,1,0,0,ECE,Not Placed,
7.93,105,63.11,79.27,67.48,1,3,6.47,7.42,1,1,0,ECE,Placed,6.85
7.26,90,64.86,61.79,58.29,1,1,6.17,5.27,1,0,0,EE,Not Placed,
8.1,76,64.32,93.14,59.47,0,1,4.75,7.79,0,0,10,IT,Placed,6.18
6.71,93,85.67,74.8,75.38,2,1,7.79,3.05,1,1,0,IT,Not Placed,
5.53,93,93.79,91.59,75.19,0,1,6.49,8.01,1,1,0,IT,Placed,6.07
6.83,113,88.39,72.81,69.85,1,5,4.53,5.53,1,1,0,CE,Not Placed,
4.85,101,82.72,77.4,68.11,2,6,4.97,5.02,1,3,0,IT,Placed,5.16
7.44,85,75.63,71.53,57.04,3,2,8.74,5.76,0,0,1,CE,Placed,8.94
6.74,81,73.63,66.78,74.3,2,1,6.03,2.19,0,2,0,IT,Placed,7.2
6.04,97,73.97,70.36,77.41,1,2,8.03,8.84,1,3,0,IT,Not Placed,
8.15,73,92.08,59.56,90.24,2,2,5.88,7.7,0,1,0,ECE,Placed,7.21
7.44,115,75.84,66.69,77.47,1,2,5.8,7.83,0,1,0,ME,Placed,6.31
8.76,113,55.72,90.44,64.56,1,1,10.0,3.56,0,1,0,ECE,Placed,8.39
6.69,81,76.19,74.97,68.53,1,3,7.26,6.64,0,0,0,CE,Not Placed,
7.93,102,94.11,87.79,77.96,3,1,4.22,7.63,2,0,0,CSE,Not Placed,
7.06,95,77.21,63.66,80.11,2,0,4.96,2.28,0,1,0,ECE,Not Placed,
7.96,107,86.77,83.54,70.56,1,2,8.74,7.04,1,1,0,CSE,Placed,7.97
8.63,84,81.37,56.63,84.12,2,0,8.63,8.46,0,0,0,CE,Placed,7.84
6.99,83,69.24,64.58,65.18,1,1,4.57,7.38,1,0,0,ECE,Not Placed,
8.49,108,75.36,80.21,83.77,2,2,4.92,6.49,0,1,2,CSE,Placed,9.36
8.46,94,69.25,76.61,69.56,0,1,7.18,6.27,0,1,0,CE,Placed,6.91
8.95,115,74.08,69.08,73.17,1,5,6.28,4.52,0,0,0,IT,Placed,10.84
4.85,96,48.14,86.87,73.46,2,4,1.22,3.25,0,2,11,CE,Not Placed,
7.5,113,64.99,67.06,72.91,3,7,6.32,5.95,0,1,0,ECE,Placed,7.39
7.31,84,79.22,80.01,62.02,1,1,7.09,6.39,0,1,7,ECE,Placed,6.08
6.23,70,98.54,78.74,85.28,1,3,5.24,5.92,0,0,7,CSE,Not Placed,
10.0,93,74.66,90.27,69.66,1,4,5.71,7.3,0,1,0,IT,Placed,9.74
8.57,98,72.8,71.18,72.03,0,3,6.8,7.68,0,4,0,CSE,Not Placed,
7.69,108,62.82,74.09,69.0,1,1,4.22,7.22,0,0,0,ECE,Placed,5.77
7.14,125,66.43,76.59,68.05,2,3,0.86,8.94,0,2,7,CSE,Not Placed,
6.96,115,86.38,65.49,78.5,0,3,9.1,3.9,0,1,0,ECE,Placed,8.05
8.02,98,42.71,77.95,82.81,0,1,8.51,5.48,2,3,0,CSE,Not Placed,
5.9,102,75.02,80.26,66.21,3,1,2.76,5.66,0,2,0,CSE,Placed,5.3
7.02,82,65.07,69.05,75.22,0,1,4.68,5.57,0,0,0,CSE,Not Placed,
8.12,98,87.73,76.82,67.09,0,2,7.91,5.38,0,0,0,CE,Not Placed,
7.21,91,73.42,84.56,69.97,1,2,5.66,7.52,0,0,0,CSE,Placed,4.96
7.32,115,70.67,62.03,61.79,0,2,4.24,5.59,1,1,0,CSE,Not Placed,
7.03,95,65.07,80.64,76.06,0,1,7.47,5.48,0,1,0,CE,Placed,6.21
7.03,74,78.07,73.19,74.07,2,4,7.23,7.02,0,0,0,IT,Placed,7.05
7.71,91,93.87,82.06,83.9,0,2,6.02,6.39,0,0,4,EE,Not Placed,
6.58,88,66.62,73.09,77.53,0,2,7.39,8.33,0,0,0,CSE,Not Placed,
7.09,91,76.85,67.85,82.34,0,2,5.53,6.57,1,0,0,CSE,Not Placed,
9.7,83,84.63,70.29,69.91,4,0,6.91,6.24,0,0,0,IT,Placed,7.94
7.61,112,78.96,79.18,62.44,3,5,5.29,5.61,0,2,0,ECE,Placed,6.5
7.04,112,83.75,85.95,71.73,1,1,6.91,5.69,1,2,11,ECE,Placed,6.74
6.88,103,92.25,85.84,62.58,1,0,7.08,4.13,0,1,0,CE,Not Placed,
6.22,93,85.22,74.82,72.72,2,3,4.77,6.8,0,0,0,CSE,Not Placed,
8.64,80,73.07,68.9,59.16,1,4,6.27,4.13,1,1,0,ECE,Not Placed,
6.03,100,80.93,69.99,71.47,1,4,3.59,10.0,2,3,0,ECE,Not Placed,
6.95,70,76.35,69.26,63.02,2,0,6.33,6.43,0,1,1,CSE,Not Placed,
6.52,84,75.32,67.45,82.37,4,4,5.53,9.03,2,0,0,CSE,Placed,6.97
8.24,107,71.64,92.63,84.71,2,1,6.93,5.23,0,2,5,IT,Placed,8.98
7.8,107,86.02,89.52,90.35,0,2,6.1,5.0,0,0,0,CE,Not Placed,
8.54,86,80.1,72.69,69.82,2,3,5.8,3.17,1,2,21,CSE,Placed,8.84
7.1,109,81.3,72.57,86.48,0,3,0.84,5.23,4,2,0,IT,Placed,4.83
6.65,105,92.04,93.85,66.75,0,4,9.73,6.35,0,1,0,ECE,Placed,5.66
7.01,85,54.14,72.65,73.48,2,5,8.11,6.3,0,0,0,EE,Placed,6.25
8.13,108,77.96,71.19,69.59,0,3,4.67,8.14,1,1,2,CSE,Not Placed,
8.26,95,66.59,81.44,73.45,0,1,3.9,5.03,1,1,0,IT,Placed,5.18
9.09,109,73.9,69.63,88.84,2,2,6.04,7.38,0,1,3,ME,Placed,8.25
9.15,119,65.15,76.56,67.39,0,6,4.27,10.0,1,1,0,CSE,Not Placed,
5.58,105,90.55,70.13,81.86,0,1,2.15,4.25,0,2,0,EE,Not Placed,
7.01,127,74.34,93.86,59.14,2,2,7.77,5.49,1,0,0,ME,Not Placed,
7.56,75,80.41,78.02,78.58,1,5,4.43,7.69,1,0,0,ME,Not Placed,
5.22,70,98.29,64.06,77.68,2,1,8.76,5.83,0,2,0,CSE,Not Placed,
6.94,91,95.63,79.71,57.15,2,5,7.88,7.63,0,1,0,ECE,Placed,6.12
6.41,81,80.44,60.44,73.99,0,3,2.2,5.23,1,2,2,ECE,Not Placed,
6.41,130,76.86,84.35,72.72,0,2,4.26,7.62,0,1,0,ECE,Placed,2.86
6.1,112,76.22,71.48,92.41,1,4,10.0,7.7,0,1,6,CE,Placed,5.13
7.36,87,90.87,65.25,81.59,0,4,5.84,7.01,1,1,0,ECE,Not Placed,
7.21,113,65.58,72.53,69.83,0,2,6.41,4.96,0,1,0,ECE,Not Placed,
7.46,87,74.32,75.03,63.07,1,2,9.33,9.39,0,0,0,CSE,Placed,6.87
5.87,85,72.58,65.45,71.72,0,4,9.06,4.24,0,0,0,ECE,Placed,5.86
7.73,128,84.49,65.86,62.91,5,3,7.13,7.62,1,1,0,IT,Placed,9.34
6.81,105,71.66,79.08,81.52,4,2,5.77,6.98,0,0,0,ECE,Placed,6.25
5.69,106,82.91,74.67,73.14,0,2,8.06,4.0,1,0,0,CSE,Not Placed,
6.94,104,73.52,82.9,76.76,1,2,3.98,7.33,0,2,0,IT,Not Placed,
6.9,75,78.99,70.36,66.74,0,4,2.86,6.74,0,0,0,CSE,Not Placed,
7.51,105,94.1,62.19,73.6,1,2,3.55,9.49,0,1,0,EE,Placed,4.86
8.52,93,67.03,71.99,71.09,1,5,6.01,3.56,1,0,0,ECE,Placed,8.42
8.9,79,76.28,69.56,82.44,4,6,6.8,8.67,1,3,0,ECE,Placed,8.33
7.0,105,82.21,77.48,75.98,3,3,7.62,7.78,0,1,0,IT,Placed,6.47
8.97,95,75.23,69.71,73.16,1,2,7.67,6.7,1,2,0,CSE,Placed,11.34
6.78,82,87.5,92.19,69.03,0,4,4.53,4.79,0,1,0,CSE,Placed,3.59
7.84,75,76.54,86.13,74.21,0,3,4.8,7.29,0,0,0,ME,Not Placed,
8.44,85,78.36,58.32,56.54,2,3,10.0,4.64,0,0,0,ECE,Placed,8.79
5.31,131,70.82,65.57,89.54,2,2,5.07,3.9,1,0,0,CSE,Not Placed,
6.95,99,92.87,80.57,75.84,0,2,6.67,7.71,0,5,0,CE,Placed,7.04
6.51,121,74.5,66.35,84.73,0,2,6.65,6.88,0,3,12,EE,Placed,6.62
6.83,104,88.61,78.44,65.05,1,1,10.0,7.43,0,1,0,IT,Placed,7.45
5.9,88,92.31,73.99,62.61,2,4,9.8,3.26,1,0,0,CSE,Not Placed,
6.9,130,65.62,86.07,68.32,4,2,6.18,6.93,0,1,0,ME,Not Placed,
5.96,108,69.05,80.7,81.44,1,2,3.87,4.71,0,1,0,IT,Not Placed,
6.91,70,82.11,98.58,79.35,2,2,5.73,9.24,1,0,0,CSE,Placed,3.11
9.08,98,93.51,85.85,71.13,0,5,4.66,4.51,0,1,0,CSE,Placed,7.64
6.68,96,74.48,78.07,77.41,2,2,4.04,4.19,0,1,0,CSE,Placed,5.37
6.42,89,54.58,74.49,72.11,1,3,3.25,8.68,2,3,0,ECE,Not Placed,
7.41,91,88.26,70.95,74.92,1,1,5.93,3.74,1,0,16,CSE,Placed,8.37
6.16,78,86.96,77.83,75.35,0,5,5.71,5.29,0,3,1,EE,Not Placed,
7.22,124,77.7,85.26,65.41,2,1,5.86,6.24,1,0,1,ECE,Not Placed,
8.33,86,88.72,71.63,64.41,2,5,7.67,7.65,2,3,0,IT,Placed,10.14
8.14,116,92.04,55.83,80.23,0,2,4.44,3.91,0,1,0,EE,Placed,5.3
7.82,98,56.1,63.86,57.58,1,2,5.65,7.91,1,1,0,ME,Not Placed,
6.77,89,80.3,81.67,70.9,3,1,3.94,2.9,0,0,0,IT,Not Placed,
7.45,88,76.09,57.37,77.54,1,3,5.22,2.91,0,0,0,IT,Not Placed,
5.29,106,100.0,58.94,77.62,1,1,4.94,4.41,0,1,6,IT,Not Placed,
8.17,84,81.84,75.2,60.33,1,2,5.25,7.39,1,0,3,CSE,Placed,6.9
7.25,91,75.02,67.29,55.59,4,6,5.45,5.93,0,0,0,IT,Placed,6.1
7.06,119,99.4,78.07,64.42,1,2,5.97,5.89,1,1,0,CSE,Placed,5.1
6.51,94,69.31,86.27,57.94,3,1,4.82,4.63,1,1,0,CSE,Not Placed,
6.87,112,90.77,61.25,64.56,0,3,4.58,8.18,0,0,0,CSE,Not Placed,
6.86,92,80.07,82.54,65.74,3,1,8.82,7.81,1,1,0,ECE,Placed,8.48
9.07,93,74.86,82.94,74.23,2,1,6.19,5.88,0,0,0,CSE,Placed,11.03
7.85,120,77.34,89.32,69.61,1,1,7.83,5.32,0,1,6,CSE,Placed,9.61
6.41,89,85.42,90.17,71.13,3,5,7.08,3.93,0,1,0,CSE,Not Placed,
6.05,98,79.41,58.67,65.73,1,4,7.6,6.87,0,2,0,CE,Not Placed,
5.94,114,92.57,58.49,77.43,1,1,7.54,8.81,0,1,0,ME,Not Placed,
6.22,100,75.95,47.27,65.6,2,2,7.08,5.19,0,1,0,EE,Placed,5.65
8.79,114,50.83,63.74,71.37,0,1,6.51,6.92,1,0,0,CSE,Not Placed,
7.58,80,85.02,80.28,68.68,2,3,7.86,10.0,2,2,0,CSE,Placed,8.18
6.14,93,88.13,71.86,81.93,0,4,9.58,6.71,0,2,4,IT,Placed,8.83
5.69,126,77.15,79.6,71.22,1,2,4.25,5.62,2,1,0,ECE,Not Placed,
4.3,116,79.37,73.85,72.68,2,3,7.23,7.3,0,3,0,ME,Not Placed,
6.06,87,64.78,58.52,65.79,1,4,5.78,5.0,1,4,0,ECE,Placed,5.13
6.81,92,71.38,74.1,83.18,1,1,4.3,5.22,0,0,0,IT,Not Placed,
6.81,103,82.21,60.58,85.66,0,3,4.22,3.76,1,1,0,CSE,Not Placed,
4.0,83,88.54,57.49,70.44,1,2,5.37,10.0,1,1,0,ECE,Not Placed,
7.06,93,79.64,81.62,95.67,0,3,8.17,3.21,1,1,0,ME,Not Placed,
7.34,117,73.0,73.02,71.57,1,3,5.78,7.38,0,0,9,ECE,Not Placed,
5.44,108,77.93,71.37,79.8,3,0,5.1,8.48,1,5,0,ECE,Placed,5.51
5.94,99,80.87,67.66,61.61,1,2,5.85,4.84,1,2,0,EE,Not Placed,
7.26,111,78.91,86.29,68.0,2,2,5.87,7.69,0,0,0,IT,Placed,4.78
6.47,89,74.62,81.36,81.05,2,2,6.74,8.34,0,1,1,CSE,Placed,6.72
6.66,103,71.1,65.29,68.05,2,3,7.49,8.54,1,1,5,ECE,Not Placed,
6.76,105,73.14,54.36,82.23,0,4,5.31,3.79,0,2,0,EE,Not Placed,
5.39,115,100.0,84.65,67.65,0,2,4.62,5.41,0,0,6,CSE,Not Placed,
4.79,107,66.46,72.33,73.65,0,4,5.82,3.99,0,1,0,ECE,Not Placed,
6.41,104,81.68,70.78,65.77,0,2,4.8,7.5,1,2,0,CSE,Placed,7.18
7.44,130,87.98,70.53,79.67,2,1,7.04,5.01,0,1,0,IT,Not Placed,
8.21,96,67.64,85.74,72.17,0,2,5.98,6.44,1,2,0,CSE,Placed,7.92
7.92,107,87.15,70.49,86.97,1,3,6.55,6.27,0,3,0,IT,Placed,7.51
5.91,114,72.29,81.73,74.81,0,3,5.94,5.18,0,2,6,ME,Not Placed,
7.81,116,95.42,76.59,73.35,1,0,9.51,7.23,0,0,0,ME,Placed,6.81
7.32,84,88.89,82.66,79.32,0,4,6.19,6.45,1,1,5,ECE,Not Placed,
8.58,85,66.86,62.12,81.18,0,3,7.79,4.68,1,1,0,CSE,Not Placed,
6.8,103,76.6,75.64,59.89,1,3,5.65,7.72,1,2,0,CSE,Not Placed,
5.71,85,86.45,85.72,67.08,3,3,8.87,7.96,0,0,0,EE,Placed,6.49
8.5,86,75.49,76.9,82.68,1,5,5.24,7.23,0,0,0,CSE,Placed,8.07
6.49,111,71.92,80.31,71.81,1,0,6.83,7.84,0,1,0,ECE,Not Placed,
5.11,124,76.41,73.51,75.12,1,7,3.87,4.9,2,1,0,ME,Not Placed,
6.11,97,78.51,75.97,75.9,1,2,8.47,7.45,1,2,0,CE,Not Placed,
6.57,116,64.18,81.54,76.86,1,1,7.29,7.56,0,0,0,ECE,Not Placed,
7.77,90,96.02,77.15,78.44,0,3,6.48,7.19,0,0,0,CSE,Placed,7.86
5.7,81,79.55,78.96,60.59,1,3,9.59,5.4,1,2,0,EE,Placed,6.8
6.41,91,76.81,75.07,58.46,1,3,6.74,5.64,0,1,0,CE,Not Placed,
6.46,96,71.68,76.31,85.1,2,2,7.64,9.4,0,1,0,CSE,Not Placed,
6.63,117,73.69,76.21,74.58,2,4,5.79,9.51,0,1,0,ECE,Placed,5.85
9.15,129,74.78,95.81,70.55,1,3,6.69,6.53,0,0,0,CSE,Placed,8.43
6.02,88,72.01,88.52,87.52,0,4,3.17,2.62,0,0,0,CSE,Not Placed,
5.25,107,73.47,71.42,66.73,1,4,8.54,5.0,0,2,0,ECE,Not Placed,
5.76,115,88.03,77.72,74.94,4,4,5.15,6.99,0,0,3,EE,Placed,5.94
7.25,93,60.94,95.58,69.58,1,2,4.93,7.64,1,1,0,CE,Not Placed,
8.3,96,68.07,69.32,65.47,0,2,8.33,5.14,1,1,0,CSE,Placed,10.11
6.32,116,81.92,79.72,58.48,1,3,5.46,9.66,1,2,0,ME,Not Placed,
7.34,88,66.41,66.25,76.15,2,2,6.13,4.0,0,3,0,CSE,Placed,9.14
7.01,108,94.4,57.74,89.7,2,0,2.74,5.48,0,2,0,CSE,Placed,6.22
5.25,100,83.97,93.41,74.16,0,2,3.88,5.9,0,1,0,ME,Not Placed,
7.26,105,74.78,89.16,72.19,2,1,4.98,7.29,0,0,0,CSE,Not Placed,
7.31,105,87.6,75.17,68.33,0,3,4.8,5.38,0,0,0,ME,Not Placed,
5.63,79,70.55,65.41,74.91,0,3,7.07,3.86,1,3,2,IT,Not Placed,
6.76,91,67.67,70.97,76.75,1,3,5.62,5.82,0,1,0,ME,Not Placed,
7.88,105,93.92,94.43,51.51,0,1,5.15,9.97,0,1,0,CSE,Placed,7.06
6.76,110,72.61,74.9,89.24,3,2,4.51,5.87,1,0,2,ECE,Not Placed,
6.67,100,76.54,69.82,76.03,2,2,5.39,8.81,2,0,0,CSE,Placed,4.84
5.36,77,83.53,75.11,69.9,1,2,8.48,6.16,0,2,0,CSE,Not Placed,
6.32,117,81.32,65.58,71.28,3,3,9.21,1.93,0,3,0,ME,Placed,8.99
4.89,104,79.49,84.76,75.08,2,3,8.7,5.98,0,2,0,ECE,Not Placed,
6.27,122,90.95,84.47,69.92,3,2,3.81,4.66,0,1,1,CSE,Placed,6.39
6.36,86,76.02,75.69,70.58,2,1,4.85,3.43,1,2,3,ECE,Not Placed,
6.06,101,70.32,78.7,63.43,1,2,6.64,5.52,0,0,0,ECE,Not Placed,
5.35,83,70.47,66.78,61.52,2,2,4.49,,0,0,3,CE,Not Placed,
6.43,94,93.07,92.97,72.62,4,1,6.54,6.46,0,0,0,IT,Not Placed,
6.33,113,72.85,70.83,71.54,0,0,3.08,5.73,0,0,0,IT,Not Placed,
9.21,100,82.21,76.35,67.86,4,2,6.75,,1,2,0,IT,Not Placed,
7.22,106,77.27,93.74,70.06,0,1,5.9,,0,0,0,IT,Not Placed,
8.06,111,84.48,74.84,54.58,1,3,5.81,7.18,0,1,0,CE,Not Placed,
6.41,97,88.66,95.78,73.08,0,2,7.82,5.82,0,3,0,ECE,Not Placed,
5.71,70,90.98,66.84,77.51,1,2,8.26,8.73,0,2,0,ME,Not Placed,
6.64,100,59.9,87.4,69.99,0,4,6.32,6.73,0,0,0,IT,Not Placed,
4.96,117,89.72,93.62,76.41,0,3,6.64,5.6,1,3,0,IT,Not Placed,
8.88,100,74.3,88.09,65.91,1,2,3.43,4.51,2,2,5,ME,Not Placed,
7.2,85,80.29,80.67,74.4,1,1,3.82,5.93,0,0,1,IT,Not Placed,
6.58,130,83.66,100.0,90.09,2,2,7.65,5.1,0,0,0,IT,Not Placed,
5.15,112,84.24,90.7,63.75,1,0,7.1,5.82,0,2,0,CSE,Placed,5.55
5.98,108,95.07,68.96,82.05,2,3,6.87,5.24,0,0,0,EE,Not Placed,
5.11,110,72.62,79.0,75.95,0,0,4.82,3.78,0,2,0,CSE,Not Placed,
6.57,97,83.54,91.4,68.55,0,0,2.06,6.55,0,1,0,ME,Not Placed,
8.62,88,80.38,69.89,66.39,0,6,8.21,4.37,1,0,1,EE,Not Placed,
4.18,108,72.41,58.65,71.9,1,2,4.85,10.0,0,1,5,CE,Placed,3.08
7.09,114,96.72,72.06,75.66,0,2,6.55,6.55,0,1,0,IT,Placed,7.56
6.8,106,88.84,66.53,81.92,1,5,4.93,5.86,1,2,0,ME,Placed,5.58
7.24,110,87.44,68.53,75.24,0,2,3.08,5.68,0,1,0,CSE,Not Placed,
7.1,95,79.45,71.91,86.39,2,2,4.35,8.94,0,1,0,CSE,Placed,7.2
6.02,104,78.14,60.99,71.58,1,0,9.05,5.03,0,2,5,CSE,Not Placed,
8.28,102,84.07,88.08,73.11,3,2,8.35,5.36,0,1,0,ME,Placed,6.98
8.23,86,89.74,70.39,76.6,0,0,10.0,9.85,0,0,0,CSE,Placed,8.76
5.41,70,68.3,98.2,82.02,1,1,4.71,7.1,0,1,0,ECE,Placed,4.67
7.45,105,87.49,84.94,58.3,1,4,5.9,5.77,0,2,0,ECE,Placed,6.6
7.03,110,89.22,93.83,66.75,0,4,5.13,6.84,0,3,0,EE,Placed,7.6
7.29,95,66.38,68.25,74.74,0,1,7.77,4.76,0,2,0,ECE,Placed,7.68
7.3,113,73.17,72.21,69.48,1,4,5.95,8.59,1,4,0,EE,Placed,8.35
6.38,87,79.35,82.67,72.15,0,3,5.07,3.19,1,2,0,CSE,Not Placed,
5.79,95,87.01,62.15,80.92,1,3,3.5,3.12,0,0,0,CE,Not Placed,
5.88,84,70.98,70.88,83.27,0,2,4.87,5.76,3,1,0,CSE,Not Placed,
7.08,92,58.64,75.76,76.88,2,3,7.21,6.57,1,0,0,CE,Placed,5.28
7.31,101,73.8,79.98,75.23,2,2,6.0,7.4,1,3,0,CSE,Placed,7.41
6.5,93,97.76,75.61,65.47,1,3,7.58,6.05,1,1,0,ME,Placed,7.16
6.76,70,66.2,58.86,60.33,4,2,7.41,6.58,0,1,0,CSE,Not Placed,
7.77,125,75.59,71.4,63.4,1,6,5.42,6.72,2,1,0,ECE,Not Placed,
5.86,110,77.47,63.82,72.48,1,1,5.93,8.07,0,1,7,ME,Not Placed,
6.43,99,72.26,73.72,70.28,0,1,6.62,5.53,1,1,0,ME,Not Placed,
5.99,84,74.75,74.38,56.91,2,3,6.22,,0,0,3,ECE,Placed,6.09
5.06,70,95.96,64.92,77.32,0,4,4.87,4.59,0,0,0,ME,Not Placed,
6.52,76,69.49,83.2,62.13,3,6,8.22,6.67,0,2,0,EE,Not Placed,
4.97,103,92.46,79.62,56.73,0,7,3.36,7.23,1,1,0,ME,Placed,3.41
7.0,89,59.83,80.03,84.51,0,6,10.0,5.95,0,2,0,CSE,Placed,6.21
5.61,84,51.62,76.52,70.69,1,4,0.63,5.72,0,1,0,CSE,Not Placed,
7.74,74,61.07,72.39,69.8,1,6,6.28,6.57,0,2,0,CSE,Not Placed,
7.07,121,70.29,64.94,60.45,2,3,3.74,7.64,0,1,0,IT,Placed,6.08
7.0,109,65.22,54.33,79.72,2,1,7.55,8.37,0,2,0,CSE,Placed,9.13
6.09,77,59.56,60.42,81.13,0,1,4.92,5.05,1,0,0,ECE,Not Placed,
6.42,101,82.26,72.67,71.1,1,4,8.55,7.47,1,0,0,CSE,Not Placed,
6.62,105,77.02,69.77,84.35,0,3,6.81,5.43,2,0,0,CSE,Not Placed,
6.43,93,74.01,86.45,72.22,0,4,8.82,5.77,3,3,0,ME,Not Placed,
6.96,117,70.81,94.99,64.87,1,2,4.21,5.29,0,0,0,CSE,Placed,6.5
6.23,90,72.68,69.29,70.51,1,3,6.23,5.13,1,1,0,ME,Not Placed,
7.18,121,68.35,61.25,66.39,1,3,9.26,8.65,1,0,0,ECE,Placed,11.22
7.26,129,68.19,56.79,75.27,2,3,5.94,10.0,1,0,0,ECE,Not Placed,
8.88,106,72.26,84.67,67.24,1,1,2.27,7.03,0,0,0,ME,Not Placed,
7.71,96,93.0,71.65,66.56,5,4,7.7,1.79,0,1,1,IT,Placed,7.32
4.78,112,90.49,69.11,62.76,0,3,8.92,7.44,1,2,0,CSE,Not Placed,
5.99,78,80.46,81.69,80.17,5,1,3.42,6.48,3,2,0,CSE,Not Placed,
7.25,104,66.31,73.32,71.71,1,2,6.45,4.97,3,1,0,CSE,Not Placed,
7.4,92,76.02,74.5,58.57,2,2,6.05,3.77,0,2,0,CSE,Not Placed,
8.36,92,79.53,77.07,63.49,1,1,3.79,7.16,0,1,0,CSE,Placed,8.79
5.9,104,81.24,69.72,78.17,3,3,5.02,4.94,1,0,0,CE,Not Placed,
8.3,99,79.84,59.3,57.83,1,4,3.71,7.8,0,0,4,IT,Placed,5.29
6.99,99,50.31,85.29,71.58,1,1,2.46,8.42,0,2,0,CSE,Placed,6.08
6.9,105,80.32,65.04,69.37,0,2,1.68,4.66,1,2,4,ECE,Not Placed,
7.36,93,75.29,71.75,76.22,2,3,3.58,8.06,0,0,0,ME,Not Placed,
5.91,75,80.77,73.8,70.22,1,2,3.78,4.33,1,0,0,IT,Placed,5.79
7.68,121,95.19,64.99,67.88,1,1,5.52,3.71,0,2,0,ME,Not Placed,
8.98,90,69.3,50.55,72.75,1,4,3.73,6.09,1,1,0,ECE,Placed,7.35
9.1,85,80.01,68.66,60.49,2,1,9.35,5.96,0,4,2,ME,Placed,10.9
6.56,104,91.49,76.97,64.89,1,1,8.62,8.8,0,1,1,ME,Placed,6.24
7.2,78,76.2,100.0,71.61,0,3,4.04,5.53,1,2,0,ECE,Not Placed,
7.71,100,69.76,76.63,68.08,3,6,3.48,7.08,2,0,0,CSE,Placed,6.27
6.78,99,95.61,73.09,72.42,1,5,4.95,,0,1,0,CSE,Not Placed,
6.87,97,97.21,73.02,74.72,0,2,6.54,8.61,1,4,0,CSE,Not Placed,
6.6,122,73.52,93.57,87.06,1,1,2.33,3.96,0,3,0,CSE,Not Placed,
7.26,105,67.17,73.47,75.52,2,3,10.0,5.17,0,1,16,ECE,Placed,9.11
8.3,99,89.62,68.8,78.09,3,3,5.78,4.38,0,0,0,CSE,Placed,6.99
5.61,80,66.14,90.13,83.81,1,3,7.34,7.18,1,1,0,IT,Not Placed,
6.83,118,85.67,64.56,79.87,1,5,5.56,5.49,0,2,0,IT,Not Placed,
6.71,79,91.93,71.01,65.08,1,1,5.55,7.91,0,0,0,CE,Not Placed,
6.27,99,83.49,79.16,82.1,4,2,6.54,5.18,1,0,0,CSE,Not Placed,
7.7,135,80.52,78.32,82.62,2,2,7.74,3.35,0,0,0,ECE,Not Placed,
8.62,77,58.32,65.13,75.38,2,1,8.74,,0,1,0,ECE,Placed,8.09
7.49,99,78.27,78.92,74.97,0,4,6.0,7.42,1,2,9,ME,Placed,6.59
5.14,103,62.42,67.35,75.3,3,4,3.58,6.33,0,0,0,IT,Not Placed,
6.2,86,73.97,84.63,72.8,0,3,3.3,6.48,1,0,0,CSE,Not Placed,
7.62,134,90.11,87.77,53.12,3,2,4.65,9.35,1,1,0,CE,Placed,5.66
8.12,98,63.73,98.26,80.91,1,4,6.12,5.78,0,0,0,CSE,Placed,9.07
7.27,99,80.89,88.33,82.65,2,4,5.31,4.74,0,1,0,CE,Not Placed,
9.49,113,80.24,85.89,73.7,2,3,7.14,8.26,0,0,0,ECE,Placed,8.79
8.24,80,61.25,65.14,83.28,2,5,2.66,8.63,0,1,0,IT,Placed,6.42
5.41,83,88.17,61.33,83.12,2,3,6.27,6.25,0,1,0,ECE,Not Placed,
7.37,103,79.24,72.56,65.44,1,2,5.84,5.43,2,1,0,ECE,Not Placed,
6.16,97,73.49,75.05,72.54,2,3,6.57,7.03,0,1,0,EE,Placed,4.36
8.63,117,62.34,69.15,70.14,1,1,7.22,6.18,0,1,0,CSE,Placed,8.54
7.09,125,78.76,80.15,59.61,0,1,10.0,8.99,0,1,0,CSE,Placed,7.08
7.86,101,74.08,65.31,82.35,0,2,6.0,8.29,1,0,0,CSE,Placed,6.64
8.56,104,86.52,90.56,76.64,1,7,5.41,6.7,0,2,0,IT,Placed,6.7
7.89,90,88.98,65.26,69.95,0,3,7.92,2.31,1,1,7,ECE,Placed,6.23
6.07,107,92.11,65.57,70.07,1,3,9.83,5.39,0,0,0,CSE,Placed,6.48
6.48,88,81.85,59.61,65.83,0,3,5.46,5.86,1,2,0,ME,Not Placed,
7.64,100,72.25,66.8,59.18,1,1,6.44,6.44,0,0,0,ECE,Placed,7.68
7.31,100,76.96,67.12,72.04,2,2,7.01,3.18,0,1,0,EE,Placed,7.59
7.25,96,65.33,65.38,68.53,1,2,9.65,10.0,0,1,0,CSE,Placed,9.11
7.01,112,95.59,76.94,77.51,3,2,6.87,9.1,1,0,0,IT,Not Placed,
8.08,109,86.9,69.98,74.5,0,3,5.07,2.95,1,1,0,EE,Not Placed,
6.99,97,75.38,67.86,68.73,0,1,7.9,7.43,1,1,0,CSE,Placed,7.17
5.59,127,68.53,89.48,62.22,1,3,4.77,4.21,1,0,0,CSE,Not Placed,
6.11,90,81.38,92.28,79.56,1,0,3.37,7.29,1,2,0,EE,Not Placed,
5.89,106,74.32,64.67,75.59,2,2,6.65,3.63,0,0,0,CSE,Placed,6.6
8.78,120,54.45,75.07,66.66,1,2,6.4,5.67,1,1,0,ECE,Placed,6.67
7.03,98,52.0,85.57,73.38,1,2,9.64,6.38,0,1,0,CE,Placed,6.04
6.82,117,63.03,69.25,63.44,1,2,5.68,4.99,1,1,0,ECE,Placed,6.2
6.36,99,70.64,85.94,61.86,1,3,8.33,3.12,0,0,6,ME,Placed,6.03
5.57,100,77.77,72.63,75.05,2,2,7.67,,0,0,0,CE,Not Placed,
5.96,124,77.61,61.21,73.28,2,5,5.71,5.37,1,0,0,CSE,Not Placed,
8.42,115,84.71,78.48,65.48,2,3,7.25,5.41,2,1,0,IT,Not Placed,
6.32,104,79.86,56.29,71.23,1,3,6.98,8.41,3,0,4,IT,Not Placed,
6.55,89,75.22,87.15,71.37,0,0,7.2,7.01,0,1,1,EE,Not Placed,
6.21,110,100.0,62.79,80.72,0,1,4.93,8.2,1,3,0,ECE,Placed,5.53
5.57,72,93.57,56.7,80.9,1,1,5.26,5.73,0,3,0,CSE,Not Placed,
8.13,108,74.4,86.89,79.13,2,1,5.05,5.79,2,0,1,ME,Not Placed,
7.37,91,92.9,77.57,72.0,2,0,7.22,6.13,0,0,0,IT,Not Placed,
4.95,99,82.18,78.3,74.17,2,3,4.76,6.28,0,5,0,EE,Not Placed,
6.31,78,82.57,87.21,81.63,1,1,6.48,9.91,0,1,0,EE,Not Placed,
6.4,93,85.12,78.31,60.55,1,3,4.86,3.61,0,1,22,CE,Not Placed,
6.64,105,72.23,71.18,79.98,3,0,10.0,6.67,2,3,0,CSE,Placed,9.01
8.76,86,81.23,94.81,78.79,2,2,5.1,3.75,2,2,0,IT,Placed,8.36
10.0,112,89.67,65.2,74.3,0,1,6.51,6.62,0,0,3,IT,Placed,8.03
6.92,102,96.91,82.1,71.69,2,4,6.27,6.54,0,0,0,CSE,Placed,7.32
5.09,116,73.06,82.5,74.3,4,1,6.61,3.0,0,1,0,IT,Not Placed,
7.06,74,64.01,100.0,77.72,1,1,6.68,5.75,1,2,0,ECE,Placed,7.38
7.65,94,86.8,79.24,86.11,1,0,4.79,6.04,1,1,0,IT,Not Placed,
6.74,98,82.31,78.71,71.81,3,2,5.91,6.82,0,1,0,CSE,Placed,5.29
6.72,108,73.84,74.47,70.25,2,1,5.14,7.34,0,0,0,CSE,Not Placed,
5.79,79,93.09,70.01,55.79,0,1,3.46,5.61,0,1,0,CSE,Not Placed,
8.05,133,84.41,67.03,65.63,1,3,8.17,5.93,1,0,0,ECE,Placed,8.57
4.14,97,87.15,69.64,78.1,1,1,7.91,7.33,1,0,0,ME,Not Placed,
7.3,106,90.09,82.6,66.12,2,1,9.4,6.87,0,2,0,IT,Placed,7.34
8.46,97,82.63,73.77,72.77,1,2,2.62,10.0,2,2,0,CSE,Not Placed,
5.01,98,68.33,77.12,64.85,0,2,7.51,5.7,1,0,0,ECE,Not Placed,
7.78,96,94.43,68.35,64.52,0,2,7.83,6.2,2,1,0,ECE,Not Placed,
7.3,85,90.77,100.0,82.37,2,5,8.25,9.09,2,0,0,ECE,Not Placed,
5.55,118,76.1,70.0,65.72,2,0,6.1,6.34,0,1,3,CSE,Placed,6.32
6.69,96,67.05,56.72,75.96,0,0,4.63,4.73,0,2,0,CE,Not Placed,
6.5,96,77.42,77.51,70.15,0,3,10.0,4.08,2,2,0,ME,Not Placed,
5.85,96,75.04,71.97,76.3,0,2,8.92,10.0,1,0,0,EE,Placed,5.75
7.7,109,91.82,86.02,71.95,0,1,7.82,5.04,0,2,0,IT,Placed,7.51
7.53,85,78.36,73.66,80.74,3,5,2.92,6.16,0,0,0,EE,Placed,5.6
5.62,123,74.25,82.36,65.7,1,3,9.36,7.66,3,0,0,ME,Not Placed,
8.45,70,83.89,92.3,63.61,2,0,7.75,1.05,1,2,0,IT,Placed,9.85
6.89,80,78.01,66.03,85.05,1,2,5.37,8.97,1,1,0,CSE,Placed,7.43
7.34,107,64.38,,70.53,1,4,8.61,5.98,2,1,0,CSE,Placed,8.92
8.93,125,79.32,81.33,67.75,2,5,2.17,7.28,0,0,0,ECE,Placed,6.7
6.79,70,72.14,76.0,75.27,1,4,6.37,3.63,0,4,0,ECE,Placed,8.82
7.06,123,92.78,76.9,72.32,1,2,3.36,7.21,0,0,0,CSE,Not Placed,
7.03,94,72.1,88.72,69.69,1,3,7.93,4.89,1,0,0,CSE,Not Placed,
7.18,87,71.36,81.71,64.18,3,2,4.35,5.26,0,1,0,ECE,Placed,4.61
7.34,89,78.44,79.41,75.13,2,2,7.88,7.81,0,0,0,ECE,Placed,6.21
7.45,120,53.66,59.32,82.65,1,3,2.17,2.34,0,0,0,ECE,Not Placed,
7.39,90,88.82,91.2,80.67,0,0,4.93,7.41,0,0,0,IT,Placed,3.95
6.38,103,80.14,73.65,82.23,0,1,6.96,8.38,0,2,1,CE,Placed,6.22
8.55,117,69.69,65.4,72.35,0,1,7.22,4.43,1,1,10,ME,Not Placed,
6.2,108,71.63,86.09,73.07,3,4,5.94,9.28,1,1,0,ME,Not Placed,
7.38,111,77.8,,64.68,2,3,3.24,5.64,0,1,0,ECE,Placed,6.32
6.49,103,66.48,73.65,79.67,0,2,6.6,5.08,0,0,0,CSE,Placed,7.2
7.9,102,98.1,69.31,71.04,0,4,7.6,4.06,0,0,0,ECE,Placed,6.59
5.87,89,64.75,80.93,71.3,1,4,5.89,5.96,0,0,0,EE,Not Placed,
6.38,78,87.36,80.02,69.22,4,4,6.92,6.45,0,1,0,CSE,Placed,7.43
4.69,85,72.62,88.81,71.86,0,1,7.14,5.98,1,1,0,ECE,Not Placed,
6.57,122,74.29,65.19,64.45,0,2,4.6,4.46,0,1,0,ECE,Placed,7.05
7.35,105,90.15,79.18,76.54,1,2,5.06,7.73,2,1,0,ECE,Not Placed,
5.22,107,73.42,81.77,60.2,0,1,3.83,,1,1,0,ECE,Not Placed,
5.87,131,61.33,90.95,72.07,0,3,3.57,5.62,1,1,0,IT,Placed,2.75
4.38,122,91.12,86.3,63.02,2,1,6.07,2.67,2,1,0,IT,Not Placed,
7.68,116,74.98,82.64,55.33,0,2,5.38,6.22,2,1,0,CSE,Not Placed,
7.22,86,88.82,77.42,77.78,3,1,5.83,3.59,0,1,0,ECE,Not Placed,
4.69,104,74.48,86.48,67.46,0,2,4.75,7.99,1,2,0,CSE,Not Placed,
6.57,111,54.26,69.59,65.36,2,1,8.03,10.0,1,1,0,ECE,Not Placed,
6.26,103,65.64,84.11,70.78,3,4,6.7,8.86,1,1,0,ME,Not Placed,
8.39,107,93.1,79.08,66.78,1,1,3.12,7.89,1,1,0,EE,Not Placed,
7.95,91,90.35,76.46,73.39,1,3,7.97,10.0,0,0,0,ECE,Not Placed,
7.25,73,95.52,74.89,62.31,0,1,5.33,6.33,0,0,0,ECE,Placed,6.62
6.34,90,72.99,93.56,63.27,0,0,5.34,5.79,1,1,0,IT,Not Placed,
7.01,72,85.61,72.22,66.17,1,6,7.94,5.53,0,0,0,CSE,Placed,8.7
7.73,88,79.27,78.12,60.23,2,0,7.89,7.64,0,1,0,ECE,Not Placed,
6.9,87,77.67,81.14,82.91,1,4,4.02,6.69,0,0,0,ME,Not Placed,
8.89,112,68.46,74.37,72.36,2,0,6.9,5.39,0,2,0,EE,Not Placed,
7.53,95,72.86,75.97,67.54,2,1,4.98,6.06,0,2,0,ME,Placed,5.47
7.57,115,86.83,74.58,85.74,1,2,6.82,4.86,0,0,0,CSE,Not Placed,
5.95,90,86.51,87.49,71.59,2,4,10.0,6.61,0,2,0,ECE,Placed,8.03
6.27,90,75.55,63.65,56.36,0,3,8.65,5.05,1,1,0,CSE,Placed,6.43
6.05,108,65.11,64.54,59.73,1,3,4.68,7.73,1,2,0,IT,Not Placed,
6.56,113,95.58,75.73,64.49,2,4,4.84,7.14,0,2,11,CSE,Not Placed,
7.58,90,84.34,96.03,58.35,1,4,5.01,5.76,0,1,0,ECE,Placed,7.49
7.68,121,70.14,62.12,74.84,1,1,7.51,7.03,0,1,0,ECE,Not Placed,
4.65,89,83.95,76.0,76.28,1,5,5.48,4.85,1,2,0,CE,Not Placed,
7.44,117,70.02,75.41,64.54,2,2,6.93,3.69,0,0,0,EE,Placed,6.59
7.73,105,84.16,79.42,76.39,0,3,7.12,4.47,0,2,0,IT,Placed,7.87
5.82,93,98.39,67.26,74.43,1,1,5.81,,0,1,0,CSE,Not Placed,
7.06,81,82.62,87.71,80.72,3,1,5.96,4.9,1,0,0,CE,Placed,6.89
6.97,95,75.49,88.08,85.43,1,1,6.03,7.44,0,0,0,CSE,Placed,5.1
8.82,80,75.7,83.76,61.79,2,2,7.65,7.37,0,2,0,ME,Placed,8.68
7.52,130,65.39,72.41,66.45,1,3,4.01,7.74,1,0,0,CSE,Placed,7.17
5.85,104,59.33,67.42,81.51,1,1,1.69,8.63,0,2,0,ECE,Not Placed,
6.48,77,81.68,58.75,63.82,1,2,4.92,5.21,0,0,0,ECE,Not Placed,
7.55,84,68.23,77.17,66.36,3,3,7.95,6.62,0,1,1,ME,Placed,8.35
8.58,91,76.7,75.18,69.54,0,3,3.5,6.05,0,0,0,ECE,Placed,5.67
7.48,101,76.65,92.92,74.06,1,4,9.04,3.12,1,0,0,IT,Not Placed,
7.68,80,60.61,68.28,74.37,2,2,3.75,6.88,0,1,0,IT,Placed,5.04
6.55,126,94.25,74.03,64.56,3,1,5.5,7.18,0,3,0,ECE,Placed,6.91
7.57,113,84.61,66.97,72.86,0,5,3.29,5.28,1,0,0,ECE,Not Placed,
6.46,89,89.12,82.99,64.83,0,7,5.1,6.89,0,2,0,CSE,Not Placed,
6.25,123,60.92,76.85,71.84,1,2,6.67,9.31,0,0,0,IT,Placed,4.27
6.97,112,87.04,91.3,64.83,2,4,7.58,7.47,0,4,0,CSE,Placed,6.97
6.99,100,80.04,63.17,71.93,3,3,4.89,7.45,0,1,0,IT,Placed,6.88
4.38,100,72.35,77.02,78.55,2,4,5.33,3.64,0,0,0,IT,Not Placed,
8.51,70,77.59,92.34,63.23,1,5,3.63,10.0,0,3,0,CSE,Placed,8.51
5.48,121,63.21,70.19,80.34,0,4,4.5,8.99,1,0,0,CSE,Not Placed,
7.11,115,76.27,86.5,65.74,2,4,3.36,8.48,1,1,0,EE,Not Placed,
7.27,78,72.75,77.34,77.63,3,2,8.04,5.4,0,0,0,ECE,Placed,10.35
7.23,114,76.67,54.77,54.05,2,2,4.53,5.92,0,2,0,ECE,Placed,5.9
7.78,79,70.59,61.14,67.24,0,3,3.25,6.25,1,1,0,CSE,Not Placed,
8.85,111,64.02,56.17,56.7,3,3,2.86,3.02,0,0,0,CSE,Placed,7.58
7.7,89,62.81,81.9,72.3,1,1,4.46,6.4,1,2,0,CE,Placed,4.8
6.57,110,76.58,75.92,70.26,1,4,7.78,6.82,0,1,2,EE,Not Placed,
8.0,96,67.05,75.11,82.62,2,1,7.6,3.76,0,1,0,ECE,Not Placed,
6.61,95,84.49,91.65,72.12,4,2,6.72,5.06,1,0,0,ECE,Not Placed,
7.13,106,79.18,73.83,74.56,0,3,6.5,8.85,0,1,4,CE,Not Placed,
8.66,100,92.39,69.51,77.55,1,2,5.04,5.92,0,0,0,ECE,Placed,5.25
7.68,99,96.38,80.3,84.5,1,4,7.12,6.11,0,0,0,EE,Placed,7.88
6.68,120,84.73,73.14,66.68,2,4,8.69,5.79,0,1,0,CSE,Placed,9.17
6.32,133,73.88,71.92,63.62,0,1,0.0,8.0,0,2,0,ECE,Not Placed,
7.01,93,73.9,83.48,63.67,2,1,7.14,5.86,0,0,0,IT,Not Placed,
8.35,74,90.4,75.79,76.31,3,4,8.93,9.03,0,1,0,ECE,Placed,8.17
6.02,115,78.19,80.3,72.42,1,8,3.59,2.74,1,3,0,CSE,Not Placed,
7.28,101,69.43,76.75,87.04,1,2,4.63,9.3,0,2,7,IT,Placed,4.95
5.92,82,77.89,76.51,65.92,2,2,2.83,5.59,2,0,0,ECE,Not Placed,
